[Running] python -u "d:\Projects\Web-Scrap\app.py"
Name:Laptops URL: https://www.harveynorman.com.au/computers-tablets/computers/laptops
2 in 1 Devices  51
Laptops  97
Name:Desktops & All-in-Ones URL: https://www.harveynorman.com.au/computers-tablets/computers/desktops-and-all-in-one
All In One Desktops  22
Desktops  37
Name:Buying Guides URL: https://www.harveynorman.com.au/carpet-flooring-rugs/rugs/buying-guides
This one is not a product
Name:Apple Mac Computers URL: https://www.harveynorman.com.au/computers-tablets/computers/apple-mac-computers
iMac  11
Mac mini  4
MacBook  10
MacBook Air  7
MacBook Pro  11
Name:Modern PCs URL: https://www.harveynorman.com.au/computers-tablets/computers/modern-pcs
2 in 1 Devices  30
Laptops  2
Tablets  3
Name:2-in-1 PCs URL: https://www.harveynorman.com.au/computers-tablets/computers/2-in-1
2 in 1 Devices  52
Laptops  2
Tablets  1
Name:Gaming PCs & VRs URL: https://www.harveynorman.com.au/computers-tablets/computers/gaming-pc-and-vr
Desktops  20
Gaming Bundles  1
Graphics & Multimedia  1
Graphics Cards  1
Hardware  5
Laptops  29
LCD Monitors  2
LED Monitors  1
RAM  1
Virtual Reality  6
Windows Mixed Reality  3
Name:Microsoft Surface URL: https://www.harveynorman.com.au/computers-tablets/computers/microsoft-surface
2 in 1 Devices  17
All In One Desktops  3
Laptops  9
Tablets  3
Name:Monitors URL: https://www.harveynorman.com.au/computers-tablets/computer-accessories/monitors
LCD Monitors  5
LED Monitors  40
QLED Monitors  2
Name:Multimedia Accessories URL: https://www.harveynorman.com.au/computers-tablets/computer-accessories/multimedia-accessories
Accessories  2
Adapters  3
APPcessories  2
Audio Mixer  1
Blu-ray Players  1
Capture Card  9
Cases  4
Chill Mats  4
Cleaning  1
Cleaning Spray  3
CPUs  2
Docking Stations  8
Docks  1
DVD Recorders  2
DVDs  6
External DVD Burner  1
External Sound Card  1
Gaming Headsets  2
Graphics & Multimedia  2
Graphics Cards  2
Hardware  6
Media Players  2
Microphones  16
Monitor Speakers  1
MP3 Players  1
Multimedia Presenters  2
PC Headsets  3
Projectors  5
Protection Cards  1
RAM  1
Remote Controls  4
Screen Cleaners  5
Screen Protectors  1
Set Top Box  1
Shock Mount  3
Stands  8
Stylus Pens  5
Tuners  1
USB Hubs  10
Video Converters  3
Virtual Reality  1
Voice Recorders  3
Webcams  5
Name:Keyboards, Mouse & Mats URL: https://www.harveynorman.com.au/computers-tablets/computer-accessories/keyboards-mouse-mats
Accessories Bundles  1
Corded Mice  15
Gaming Bundles  2
Keyboard & Mouse Combos  11
Keyboards  28
Mouse Mats  8
Multimedia Presenters  1
Stylus Pens  1
Wireless Mice  36
Name:Software URL: https://www.harveynorman.com.au/computers-tablets/computer-accessories/software
Digital Download  47
Educational Software  3
Internet Security  11
Mobile Security  1
Multimedia Software  1
Software  1
Software Essentials  5
Name:Laptop Bags & Sleeves URL: https://www.harveynorman.com.au/computers-tablets/computer-accessories/laptop-bags-sleeves
Backpacks  125
Bags  31
Briefcases  29
Cases  57
Cross-Body Bags  6
Duffel Bags  1
Messenger Bags  2
Organiser  2
Shoulder Bags  10
Sleeves  71
Suitcases  6
Tote Bags  8
Name:Chargers, Cables & Adapters URL: https://www.harveynorman.com.au/computers-tablets/computer-accessories/chargers-cables-adapters
Adapters  103
Batteries  17
Battery Charger  2
Cable Management  1
Cables  196
Card Readers  1
Chargers  38
Chill Mats  2
Docking Stations  20
Docks  5
Ethernet Adapters  1
Extension Leads  3
Filters & Splitters  2
Hardware  4
HDMI Cables  4
Power  11
Power Banks  7
Power Leads  1
Surge Protectors  4
Travel Adapters  12
Uninterrupted Power Supply  13
USB Hubs  2
Wireless Chargers  10
Name:Computer Speakers URL: https://www.harveynorman.com.au/computers-tablets/computer-accessories/computer-speakers
Monitor Speakers  2
Multimedia Speakers  15
Speaker Systems  13
Name:Tablets URL: https://www.harveynorman.com.au/computers-tablets/ipads-surface-tablets/tablets
E-Book Readers  3
Graphics & Multimedia  8
Tablets  50
Name:Buying Guides  URL: https://www.harveynorman.com.au/computers-tablets/ipads-surface-tablets/buying-guides
This one is not a product
Name:Cases & Keyboards URL: https://www.harveynorman.com.au/computers-tablets/ipads-surface-tablets/cases-keyboards
Accessories Bundles  1
Bags  1
Cases  141
Docking Stations  2
Keyboard Covers  12
Keyboards  1
Screen Protectors  22
Sleeves  5
Stands  1
Stylus Pens  4
Name:Cables & Adapters URL: https://www.harveynorman.com.au/tv-blu-ray-home-theatre/tv-accessories/cables-adapters
Adapters  3
Aerial Cables  1
Cables  11
HDMI Cables  9
HDMI Hubs  1
Media Cleaner  2
Power Leads  6
Travel Adapters  3
Name:iPads URL: https://www.harveynorman.com.au/computers-tablets/ipads-surface-tablets/ipads
iPad  84
Name:Surface Accessories URL: https://www.harveynorman.com.au/computers-tablets/ipads-surface-tablets/surface-accessories
Adapters  8
Cases  16
Chargers  1
Docking Stations  1
Ethernet Adapters  1
Graphics & Multimedia  1
Keyboard Covers  6
Keyboards  1
Power  1
Screen Protectors  3
Sleeves  1
Stylus Pens  3
Wireless Mice  6
Name:Microsoft Surface Go URL: https://www.harveynorman.com.au/computers-tablets/ipads-surface-tablets/microsoft-surface-go
2 in 1 Devices  17
All In One Desktops  3
Laptops  9
Tablets  3
Name:Cables & Connectors URL: https://www.harveynorman.com.au/computers-tablets/networking/cables-connectors
Adapters  1
Cables  12
Chargers  1
Docks  1
Filters & Splitters  2
Power  1
Name:Modems & Routers URL: https://www.harveynorman.com.au/computers-tablets/networking/modems-routers
Broadband Modems  2
Ethernet Switches  1
Wireless Extenders  2
Wireless Modem Routers  18
Wireless Routers  33
Name:Mesh Wifi URL: https://www.harveynorman.com.au/computers-tablets/networking/mesh-wifi
Wireless Extenders  3
Wireless Routers  14
Name:Wifi Range Extenders URL: https://www.harveynorman.com.au/computers-tablets/networking/wifi-extenders
Wireless Extenders  22
Name:Networking Adapters URL: https://www.harveynorman.com.au/computers-tablets/networking/networking-adapters
Network Storage  1
Powerline Adapters  3
Powerline Kits  1
Wireless Adapters  9
Wireless Extenders  1
Wireless Routers  1
Name:Ethernet Switches URL: https://www.harveynorman.com.au/computers-tablets/networking/ethernet-switches
Ethernet Switches  55
Network Storage  1
Powerline Adapters  2
Wireless Routers  2
Name:Business Solutions URL: https://www.harveynorman.com.au/computers-tablets/networking/business-solutions
Ethernet Switches  25
Network Storage  5
Networking  1
Wireless Extenders  5
Wireless Modem Routers  2
Wireless Routers  3
Name:Motherboards URL: https://www.harveynorman.com.au/computers-tablets/components/motherboards
Motherboards  20
Wireless Network Card  1
Name:Processors URL: https://www.harveynorman.com.au/computers-tablets/components/processors
CPUs  19
Name:Graphics Cards URL: https://www.harveynorman.com.au/computers-tablets/components/graphics-cards
Graphics Cards  27
Name:Air & Water Cooling URL: https://www.harveynorman.com.au/computers-tablets/components/air-water-cooling
Hardware  6
Name:Computer Memory URL: https://www.harveynorman.com.au/computers-tablets/components/computer-memory
RAM  7
Name:Computer Cases URL: https://www.harveynorman.com.au/computers-tablets/components/computer-cases
Mid-Tower Case  4
Name:External Devices URL: https://www.harveynorman.com.au/computers-tablets/components/external-devices
Blu-ray Players  1
Card Readers  1
Docks  1
DVD Recorders  2
External DVD Burner  1
Hardware  1
Wireless Adapters  1
Name:All Hard Drives & Storage URL: https://www.harveynorman.com.au/computers-tablets/hard-drives-storage/all-hard-drives-storage
Cases  1
External Hard Drives  32
HDD  24
Internal Hard Drives  7
Memory Cards  28
Network Storage  2
SSD  11
SSD Storage  5
USB Flash Drives  36
Name:Portable Hard Drives URL: https://www.harveynorman.com.au/computers-tablets/hard-drives-storage/portable-hard-drives
Cases  1
External Hard Drives  9
HDD  22
SSD  7
Name:Desktop Hard Drives URL: https://www.harveynorman.com.au/computers-tablets/hard-drives-storage/desktop-hard-drives
External Hard Drives  17
HDD  1
Internal Hard Drives  7
SSD  4
SSD Storage  5
Name:USB Flash Drives URL: https://www.harveynorman.com.au/computers-tablets/hard-drives-storage/usb-flash-drives
USB Flash Drives  36
Name:Network Storage URL: https://www.harveynorman.com.au/computers-tablets/hard-drives-storage/network-storage
External Hard Drives  6
Network Storage  2
Name:Memory Cards URL: https://www.harveynorman.com.au/computers-tablets/hard-drives-storage/memory-cards
Memory Cards  28
Name:Mobile Broadband URL: https://www.harveynorman.com.au/phones-accessories-gps/phones-phablets/mobile-broadband
Digital Download  1
Mobile Broadband  7
Name:Unlocked Mobile Phones URL: https://www.harveynorman.com.au/phones-accessories-gps/phones-phablets/unlocked-mobile-phones
Unlocked Phones  124
Name:Home Phones URL: https://www.harveynorman.com.au/phones-accessories-gps/phones-phablets/home-phones
Accessories  1
Adapters  1
Batteries  2
Corded Phones  17
Cordless Phones  49
Faxes  1
Home Security  3
Smart Doorbells  2
Name:Pre-Paid Mobile Phones URL: https://www.harveynorman.com.au/phones-accessories-gps/phones-phablets/pre-paid-mobile-phones
Pre-Paid Phones  12
Name:UHF Radios URL: https://www.harveynorman.com.au/phones-accessories-gps/phones-phablets/uhf-radios
CB Radios  3
Name:iPhones URL: https://www.harveynorman.com.au/phones-accessories-gps/phones-phablets/iphones
Unlocked Phones  48
Name:SIM Cards URL: https://www.harveynorman.com.au/phones-accessories-gps/phones-phablets/sim-cards
Mobile Broadband  10
Name:GPS Navigators URL: https://www.harveynorman.com.au/phones-accessories-gps/gps/gps-navigators
GPS Navigators  21
In-Car Cameras  3
Name:GPS Chargers & Adapters URL: https://www.harveynorman.com.au/phones-accessories-gps/gps/gps-chargers-adapters
Cables  1
Chargers  1
Name:GPS Cases & Mounts URL: https://www.harveynorman.com.au/phones-accessories-gps/gps/gps-cases-mounts
Cases  1
Mounts  4
Name:Dash Cameras URL: https://www.harveynorman.com.au/cameras-printers-photocentre/cameras/dash-cameras
In-Car Cameras  12
Name:iPhone Cables, Chargers & Adapters URL: https://www.harveynorman.com.au/phones-accessories-gps/iphone-accessories/iphone-cables-chargers-adapters
Adapters  6
Cables  30
Chargers  14
Docks  1
Lens Kits  3
Smart Watch Accessories  2
Travel Adapters  4
Wireless Chargers  10
Name:iPhone Mounts URL: https://www.harveynorman.com.au/phones-accessories-gps/iphone-accessories/iphone-mounts
Mounts  5
Name:iPhone Cases & Screen Protectors URL: https://www.harveynorman.com.au/phones-accessories-gps/iphone-accessories/iphone-cases-covers
Cases  144
Screen Protectors  22
Name:Cables, Chargers & Adapters URL: https://www.harveynorman.com.au/phones-accessories-gps/mobile-phone-accessories/cables-chargers-adapters
Accessories Bundles  4
Adapters  21
Batteries  2
Battery Charger  26
Cables  42
Chargers  56
Docking Stations  1
Extension Leads  1
Power  4
Power Banks  2
Travel Adapters  4
Wireless Chargers  21
Name:Cases & Screen Protectors URL: https://www.harveynorman.com.au/phones-accessories-gps/mobile-phone-accessories/cases-covers
Accessories Bundles  2
Cases  195
Screen Protectors  20
Name:Bluetooth Headsets URL: https://www.harveynorman.com.au/phones-accessories-gps/mobile-phone-accessories/bluetooth-headsets
Bluetooth Headsets  8
Name:More Mobile Phone Accessories URL: https://www.harveynorman.com.au/phones-accessories-gps/mobile-phone-accessories/more-mobile-phone-accessories
Accessories  3
Accessories Bundles  2
APPcessories  2
Audio Transmitters  1
Bags  1
Bluetooth Headsets  1
Bluetooth Speakerphones  2
Bluetooth Trackers  14
Camera Stabiliser  1
Card Readers  2
Cases  41
Chargers  2
Docks  2
External Storage Drives  1
GPS Navigators  1
Grip Holder  2
Lens Kits  11
Lenses  6
Mounts  16
Protection Cards  1
Screen Protectors  3
Security Cameras  1
Selfie Sticks  2
Smartchips  8
Tripods  1
Virtual Reality  2
Weather Station  4
Name:Mobile Power Banks URL: https://www.harveynorman.com.au/phones-accessories-gps/mobile-phone-accessories/mobile-power-banks
Accessories Bundles  4
Power Banks  40
Name:Smart Watches URL: https://www.harveynorman.com.au/phones-accessories-gps/wearables/smart-watches
Apple Watch  44
Cables  1
Smart Watch Accessories  2
Smart Watches  10
Sports Watches  2
Watch Bands  1
Wristbands  1
Name:Digital Cameras URL: https://www.harveynorman.com.au/cameras-printers-photocentre/cameras/digital-cameras
Camera  1
Digital Cameras  26
Name:Digital Video Cameras URL: https://www.harveynorman.com.au/cameras-printers-photocentre/cameras/digital-video-cameras
Digital Video Cameras  8
Name:Digital SLR Cameras URL: https://www.harveynorman.com.au/cameras-printers-photocentre/cameras/digital-slr-cameras
Digital SLR Cameras  20
Lenses  3
Name:Action Cameras URL: https://www.harveynorman.com.au/cameras-printers-photocentre/cameras/action-cameras
Action Video Cameras  14
Name:Security Cameras URL: https://www.harveynorman.com.au/cameras-printers-photocentre/cameras/security-cameras
Baby Monitors  2
Cables  1
Mounts  2
Security & Utilities  2
Security Cameras  51
Security Systems  12
Skins  3
Smart Doorbells  3
Solar Panel  2
Solar Systems  1
Wireless Routers  1
Name:Mirrorless Cameras URL: https://www.harveynorman.com.au/cameras-printers-photocentre/cameras/mirrorless-cameras
Camera  1
Mirrorless Cameras  25
Name:Photo Frames URL: https://www.harveynorman.com.au/cameras-printers-photocentre/frames-albums/photo-frames
Digital Photo Frames  7
Photo Frames  3
Name:Photo Albums URL: https://www.harveynorman.com.au/cameras-printers-photocentre/frames-albums/photo-albums
Photo Albums  8
Name:Lenses & Filters URL: https://www.harveynorman.com.au/cameras-printers-photocentre/camera-accessories/lenses-filters
Camera  1
Lens Caps  1
Lens Filters  5
Lenses  52
Name:Flashes & Tripods URL: https://www.harveynorman.com.au/cameras-printers-photocentre/camera-accessories/flashes-tripods
Flashes  3
Monopod  1
Selfie Sticks  2
Tripods  13
Name:Camera Bags & Cases URL: https://www.harveynorman.com.au/cameras-printers-photocentre/camera-accessories/camera-bags-cases
Backpacks  3
Bags  8
Cases  8
Name:Memory Cards & Readers URL: https://www.harveynorman.com.au/cameras-printers-photocentre/camera-accessories/memory-cards-readers
Card Readers  6
Memory Cards  27
Name:Camera Accessories URL: https://www.harveynorman.com.au/cameras-printers-photocentre/camera-accessories/camera-accessories
Batteries  87
Chargers  4
Cleaning  2
Lenses  1
Microphones  2
Mounts  1
Multimedia Software  1
Screen Protectors  1
Solar Panel  1
Name:Action Camera Accessories URL: https://www.harveynorman.com.au/cameras-printers-photocentre/camera-accessories/action-camera-accessories
Accessories Bundles  2
APPcessories  6
Batteries  1
Camera Replacement Parts  1
Camera Stabiliser  1
Cases  9
Chargers  2
Goggles  1
Mounts  26
Remote Controls  1
Selfie Sticks  2
Tripods  4
Name:Printers & Scanners URL: https://www.harveynorman.com.au/cameras-printers-photocentre/printing-ink-paper/printers-scanners
Faxes  1
Printers  60
Scanners  6
Specialty Printer  8
Name:Ink, Toner & Paper URL: https://www.harveynorman.com.au/cameras-printers-photocentre/printing-ink-paper/ink-toner-paper
3D Printer Filaments  1
Accessories  1
Ink  325
Labelling Tape  48
Paper  12
Photo Cards  1
Printers  1
Toner  151
Name:3D Printers & Accessories URL: https://www.harveynorman.com.au/cameras-printers-photocentre/printing-ink-paper/3d-printers-accessories
3D Printer Filaments  20
3D Printers  6
Ink  4
Name:Office Machines URL: https://www.harveynorman.com.au/cameras-printers-photocentre/stationery-office-supplies/office-machines
Laminators  3
Lubrication Oil  1
Shredders  11
Name:Stationery URL: https://www.harveynorman.com.au/cameras-printers-photocentre/stationery-office-supplies/stationery
Calculators  3
Correction  1
Highlighters  2
Laminating Pouches  1
Lecture Books  1
Markers  3
Notebooks  3
Pencils  1
Pens  5
Rulers  1
Scissors  1
Whiteboard Markers  2
Name:Drones URL: https://www.harveynorman.com.au/cameras-printers-photocentre/drones/drones
APPcessories  1
Drones  21
Name:Drone Accessories URL: https://www.harveynorman.com.au/cameras-printers-photocentre/drones/drone-accessories
Adapters  1
APPcessories  6
Backpacks  1
Batteries  7
Camera Replacement Parts  1
Cases  11
Chargers  2
Droids  1
Drones  42
Educational Toys  2
Filters  9
Headlamps  1
Lens Filters  4
Lenses  1
Mounts  1
Propellers  6
Remote Controls  2
Sleeves  1
Tripods  1
Name:Instax Cameras & Printers URL: https://www.harveynorman.com.au/cameras-printers-photocentre/instax/instax-cameras-printers
Instant Cameras  26
Printers  1
Specialty Printer  1
Name:Instax Crafting URL: https://www.harveynorman.com.au/cameras-printers-photocentre/instax/instax-crafting
Gift Cards  1
Photo Boards  3
Photo Cards  12
Photo Frames  25
Photo Props  2
Photo Stands  2
Stickers  3
Sticky Tape  6
Name:Instax Film URL: https://www.harveynorman.com.au/cameras-printers-photocentre/instax/instax-film
Instant Cameras  1
Instant Film  17
Printers  1
Name:Instax Camera Accessories URL: https://www.harveynorman.com.au/cameras-printers-photocentre/instax/instax-camera-accessories
Straps  3
Name:Digital Prints URL: https://www.harveynorman.com.au/cameras-printers-photocentre/photocentre/digital-prints
This one is not a product
Name:Photo Gifts URL: https://www.harveynorman.com.au/cameras-printers-photocentre/photocentre/photo-gifts
This one is not a product
Name:Canvas & Wall Decor URL: https://www.harveynorman.com.au/cameras-printers-photocentre/photocentre/canvas-wall-decor
This one is not a product
Name:Photo Books URL: https://www.harveynorman.com.au/cameras-printers-photocentre/photocentre/photo-books
This one is not a product
Name:Frames & Albums URL: https://www.harveynorman.com.au/cameras-printers-photocentre/photocentre/frames-albums
Photo Albums  8
Photo Frames  3
Name:Xbox Consoles URL: https://www.harveynorman.com.au/games-central/game-consoles/xbox-consoles
Game Consoles  6
Name:PlayStation Consoles URL: https://www.harveynorman.com.au/games-central/game-consoles/playstation-consoles
Game Consoles  5
Name:Nintendo Consoles URL: https://www.harveynorman.com.au/games-central/game-consoles/nintendo-consoles
Game Consoles  4
Gaming Bundles  3
Name:PC Games URL: https://www.harveynorman.com.au/games-central/games/pc-games
Games  15
Name:Nintendo Games URL: https://www.harveynorman.com.au/games-central/games/nintendo-games
Games  35
Gaming Bundles  5
Name:Pre Order Games URL: https://www.harveynorman.com.au/games-central/games/pre-order-games
Games  37
Name:PlayStation 4 Games URL: https://www.harveynorman.com.au/games-central/games/playstation4-games
Games  74
Gaming Bundles  1
Name:Xbox One Games URL: https://www.harveynorman.com.au/games-central/games/xbox-one-games
Digital Download  16
Games  81
Gaming Bundles  1
Subscription Cards  1
Name:Latest Games  URL: https://www.harveynorman.com.au/games-central/games/latest-games
Games  20
Name:PlayStation Accessories URL: https://www.harveynorman.com.au/games-central/gaming-accessories/playstation-accessories
Backdrops  1
Capture Card  6
Digital Download  1
Games  2
Gaming Chairs  2
Gaming Controllers  5
Gaming Headsets  20
HDMI Cables  2
Name:Xbox Accessories URL: https://www.harveynorman.com.au/games-central/gaming-accessories/xbox-accessories
Backdrops  1
Capture Card  7
Corded Mice  1
Game Consoles  1
Games  2
Gaming Bundles  1
Gaming Chairs  2
Gaming Controllers  11
Gaming Headsets  17
HDMI Cables  2
Keyboards  1
Subscription Cards  1
Tuners  1
Name:Nintendo Accessories URL: https://www.harveynorman.com.au/games-central/gaming-accessories/nintendo-accessories
Backdrops  1
Capture Card  5
Cases  3
Chargers  6
Docking Stations  1
Games  1
Gaming Bundles  2
Gaming Controllers  7
Gaming Headsets  7
HDMI Cables  2
Screen Protectors  1
Name:PC Gaming Accessories URL: https://www.harveynorman.com.au/games-central/gaming-accessories/pc-gaming-accessories
Accessories  1
Backpacks  2
Capture Card  10
Controllers  4
Corded Mice  10
Gaming Bundles  2
Gaming Chairs  2
Gaming Controllers  3
Gaming Headsets  24
HDMI Cables  2
Keyboards  10
Microphones  3
Mouse Mats  8
Speaker Systems  1
Tuners  1
Video Converters  3
Webcams  1
Wireless Mice  3
Name:Simulators & Steering Wheels URL: https://www.harveynorman.com.au/games-central/gaming-accessories/simulators-steering-wheels
Controllers  3
Gaming Bundles  3
Gaming Chair Accessories  3
Gaming Chairs  4
Gaming Controllers  9
Name:Gaming Furniture URL: https://www.harveynorman.com.au/games-central/gaming-accessories/gaming-furniture
Gaming Chairs  5
Name:VR Systems URL: https://www.harveynorman.com.au/games-central/vr/vr-systems
Gaming Bundles  1
Virtual Reality  4
Windows Mixed Reality  3
Name:Mixed Reality URL: https://www.harveynorman.com.au/games-central/vr/mixed-reality
Windows Mixed Reality  3
Name:Gaming PCs URL: https://www.harveynorman.com.au/games-central/pc-gaming/gaming-pcs
Desktops  19
Graphics & Multimedia  1
Name:Gaming Laptops  URL: https://www.harveynorman.com.au/games-central/pc-gaming/gaming-laptop
Laptops  30
Name:Components URL: https://www.harveynorman.com.au/games-central/pc-gaming/components
Graphics & Multimedia  1
Graphics Cards  2
Hardware  16
RAM  1
Name:Gaming Monitors  URL: https://www.harveynorman.com.au/games-central/pc-gaming/gaming-monitors
LCD Monitors  2
LED Monitors  6
QLED Monitors  1
Name:Gaming Keyboards  URL: https://www.harveynorman.com.au/games-central/pc-gaming/gaming-keyboards
Gaming Bundles  2
Keyboards  16
Name:Gaming Mice URL: https://www.harveynorman.com.au/games-central/pc-gaming/gaming-mice
Corded Mice  14
Gaming Bundles  2
Wireless Mice  5
Name:TV Mounts & Brackets URL: https://www.harveynorman.com.au/tv-blu-ray-home-theatre/tv-accessories/tv-mounts-brackets
Braces & Supports  1
Brackets & Mounts  29
Mounts  24
Stands  17
Tripods  1
Wall Mount  1
Name:Antennas & Amplifiers URL: https://www.harveynorman.com.au/tv-blu-ray-home-theatre/tv-accessories/antennas-amplifiers
Antennas  10
Wireless AV Transmitter/Receiver  4
Name:Power & Surge Protectors URL: https://www.harveynorman.com.au/tv-blu-ray-home-theatre/tv-accessories/power-surge-protectors
Batteries  14
Powerboards  2
Surge Protectors  6
Name:Universal and Replacement remotes  URL: https://www.harveynorman.com.au/tv-blu-ray-home-theatre/tv-accessories/remotes-3d-glasses
Accessories  1
Remote Control Holder  2
Remote Controls  17
Name:TV Furniture URL: https://www.harveynorman.com.au/tv-blu-ray-home-theatre/tv-accessories/tv-furniture
Accessories  4
Entertainment Units  25
Stands  2
Name:Home Theatre Systems URL: https://www.harveynorman.com.au/tv-blu-ray-home-theatre/home-theatre-speakers/home-theatre-systems
Entertainment Packages  1
Home Theatre Systems  2
Speaker Systems  2
Name:AV Receivers URL: https://www.harveynorman.com.au/tv-blu-ray-home-theatre/home-theatre-speakers/av-receivers
AV Receivers  9
Entertainment Packages  1
Name:Speakers URL: https://www.harveynorman.com.au/tv-blu-ray-home-theatre/home-theatre-speakers/speakers
Home Theatre Systems  2
Portable Bluetooth Speakers  1
Soundbars  1
Speaker Systems  20
Wireless Multiroom Systems  5
Name:Soundbars URL: https://www.harveynorman.com.au/headphones-audio-music/sound-systems/soundbars
Home Theatre Systems  1
Soundbars  43
Wireless Multiroom Systems  1
Name:PVRs & Media Players URL: https://www.harveynorman.com.au/tv-blu-ray-home-theatre/blu-ray-dvd-recorders/pvrs-media-players
Apple TV  3
Fetch  2
Media Players  4
PVRs  3
Set Top Box  3
Name:Blu-ray Players & Recorders URL: https://www.harveynorman.com.au/tv-blu-ray-home-theatre/blu-ray-dvd-recorders/blu-ray-players-recorders
Blu-ray Players  13
Blu-ray Recorders  2
PVRs  1
Name:DVD Players & Recorders URL: https://www.harveynorman.com.au/tv-blu-ray-home-theatre/blu-ray-dvd-recorders/dvd-players-recorders
DVD Players  5
Portable DVD Players  1
Name:Wireless Multiroom URL: https://www.harveynorman.com.au/tv-blu-ray-home-theatre/wireless-multiroom/wireless-multiroom
Amplifiers  3
Micro Hi-Fi Systems  1
Monitor Speakers  2
Soundbars  2
Speaker Systems  2
Wireless Adapters  2
Wireless Multiroom Systems  28
Name:DVD Movies URL: https://www.harveynorman.com.au/tv-blu-ray-home-theatre/movies/dvd-movies
DVDs  35
Name:Blu-ray Movies URL: https://www.harveynorman.com.au/tv-blu-ray-home-theatre/movies/bluray-movies
Blu-ray Discs  11
Ultra HD Blu-ray Disc  14
Name:32 inch and under TVs URL: https://www.harveynorman.com.au/tv-blu-ray-home-theatre/tvs-by-screen-size/tvs-32-inch-and-below-tvs
LCD Monitors  1
LED LCD TVs  9
LED Monitors  1
Name:39 - 50 inch TVs URL: https://www.harveynorman.com.au/tv-blu-ray-home-theatre/tvs-by-screen-size/39-50-inch-tvs
LED LCD TVs  17
QLED LCD TVs  1
Name:55 - 60 inch TVs URL: https://www.harveynorman.com.au/tv-blu-ray-home-theatre/tvs-by-screen-size/tvs-between-55-and-60-inch
LED LCD TVs  20
OLED TVs  4
QLED LCD TVs  4
Name:65 - 70 inch TVs URL: https://www.harveynorman.com.au/tv-blu-ray-home-theatre/tvs-by-screen-size/tvs-between-65-and-70-inch
LED LCD TVs  25
OLED TVs  5
QLED LCD TVs  6
Name:75 inch and over TVs URL: https://www.harveynorman.com.au/tv-blu-ray-home-theatre/tvs-by-screen-size/tvs-75-inch-and-above
LED LCD TVs  15
OLED TVs  1
QLED LCD TVs  7
Name:All TVs URL: https://www.harveynorman.com.au/tv-blu-ray-home-theatre/tvs-by-screen-size/all-tvs
LED LCD TVs  86
OLED TVs  10
QLED LCD TVs  18
Name:Samsung TVs URL: https://www.harveynorman.com.au/tv-blu-ray-home-theatre/tvs-by-brand/samsung-tvs
LED LCD TVs  7
QLED LCD TVs  18
Name:Hisense TVs URL: https://www.harveynorman.com.au/tv-blu-ray-home-theatre/tvs-by-brand/hisense-tvs
LED LCD TVs  18
OLED TVs  2
Name:Panasonic TVs URL: https://www.harveynorman.com.au/tv-blu-ray-home-theatre/tvs-by-brand/panasonic-tvs
LED LCD TVs  7
OLED TVs  1
Name:Sony TVs URL: https://www.harveynorman.com.au/tv-blu-ray-home-theatre/tvs-by-brand/sony-tvs
LED LCD TVs  15
OLED TVs  1
Name:LG TVs URL: https://www.harveynorman.com.au/tv-blu-ray-home-theatre/tvs-by-brand/lg-tvs
LED LCD TVs  15
OLED TVs  6
Name:LED LCD TVs URL: https://www.harveynorman.com.au/tv-blu-ray-home-theatre/tvs-by-technology/led-lcd-tvs
LED LCD TVs  86
Name:OLED TVs URL: https://www.harveynorman.com.au/tv-blu-ray-home-theatre/tvs-by-technology/oled-tvs
OLED TVs  10
Name:QLED LCD TVs URL: https://www.harveynorman.com.au/tv-blu-ray-home-theatre/tvs-by-technology/qled-lcd-tvs
QLED LCD TVs  18
Name:8K Ultra HD TVs URL: https://www.harveynorman.com.au/tv-blu-ray-home-theatre/tvs-by-technology/8k-ultra-hd-tvs
QLED LCD TVs  3
Name:4K Ultra HD TVs URL: https://www.harveynorman.com.au/tv-blu-ray-home-theatre/tvs-by-technology/4k-ultra-hd-tvs
LED LCD TVs  71
OLED TVs  10
QLED LCD TVs  15
Name:Projectors & Screens URL: https://www.harveynorman.com.au/tv-blu-ray-home-theatre/tvs-by-technology/projectors-screens
Projector Screens  16
Projectors  7
Name:Hi Fi Systems URL: https://www.harveynorman.com.au/headphones-audio-music/sound-systems/hi-fi-systems
CD Player  1
Micro Hi-Fi Systems  9
Mini Hi-Fi Systems  3
Speaker Systems  1
Wireless Multiroom Systems  3
Name:Analogue/Digital Radios URL: https://www.harveynorman.com.au/headphones-audio-music/sound-systems/analogue-digital-radios
Analogue Radio  1
Clock Radios  9
Digital Radios  26
Portable Radios  11
Name:Bluetooth Speakers URL: https://www.harveynorman.com.au/headphones-audio-music/sound-systems/bluetooth-speakers
Bluetooth Speakerphones  1
Portable Bluetooth Speakers  57
Speaker Systems  2
Voice Assistant  2
Name:Audio Accessories URL: https://www.harveynorman.com.au/headphones-audio-music/sound-systems/audio-accessories
Accessories  1
Adapters  8
Cables  4
Chargers  1
Wireless Adapters  1
Name:CD Players & Turntables URL: https://www.harveynorman.com.au/headphones-audio-music/sound-systems/cd-players-turntables
Portable CD Players  2
Portable Radios  1
Turntables  18
Name:iPods URL: https://www.harveynorman.com.au/headphones-audio-music/ipods/ipods
iPod  6
Name:iPod Chargers, Cables & Adapters URL: https://www.harveynorman.com.au/headphones-audio-music/ipods/ipod-chargers-cables-adapters
Cables  12
Chargers  3
Name:iTunes Gift Cards URL: https://www.harveynorman.com.au/headphones-audio-music/ipods/itunes-gift-cards
Gift Cards  4
Name:In Ear Headphones URL: https://www.harveynorman.com.au/headphones-audio-music/headphones/in-ear-headphones
Headphone Tips  4
In-Ear Headphones  92
Wireless Fitness Headphones  1
Wireless Headphones  17
Name:On Ear Headphones URL: https://www.harveynorman.com.au/headphones-audio-music/headphones/on-ear-headphones
Gaming Headsets  9
Noise Cancelling Headphones  1
On-Ear Headphones  34
Over-Ear Headphones  5
Wireless Headphones  12
Name:Over Ear Headphones URL: https://www.harveynorman.com.au/headphones-audio-music/headphones/over-ear-headphones
Gaming Headsets  7
Noise Cancelling Headphones  1
On-Ear Headphones  2
Over-Ear Headphones  48
Wireless Headphones  11
Name:Wireless Headphones URL: https://www.harveynorman.com.au/headphones-audio-music/headphones/wireless-headphones
Bluetooth Headsets  3
Chargers  1
Gaming Headsets  8
In-Ear Headphones  22
Lenses  4
On-Ear Headphones  10
Over-Ear Headphones  14
Wireless Fitness Headphones  3
Wireless Headphones  39
Name:All Headphones URL: https://www.harveynorman.com.au/headphones-audio-music/headphones/all-headphones
Chargers  1
Gaming Headsets  13
Headphone Tips  4
In-Ear Headphones  52
Noise Cancelling Headphones  2
On-Ear Headphones  22
Over-Ear Headphones  30
Wireless Fitness Headphones  1
Wireless Headphones  36
Name:TV Headphones URL: https://www.harveynorman.com.au/headphones-audio-music/headphones/tv-headphones
In-Ear Headphones  1
On-Ear Headphones  1
Over-Ear Headphones  5
Wireless Headphones  3
Name:Sports Headphone URL: https://www.harveynorman.com.au/headphones-audio-music/headphones/sports-headphone
Wireless Headphones  1
Name:Noise Cancelling Headphones URL: https://www.harveynorman.com.au/headphones-audio-music/headphones/noise-cancelling-headphones
This one is not a product
Name:Gaming Headphones URL: https://www.harveynorman.com.au/headphones-audio-music/headphones/gaming-headphones
Gaming Headsets  3
Name:Apple TV URL: https://www.harveynorman.com.au/headphones-audio-music/media-streaming-players/apple-tv
Apple TV  3
Name:Chromecast URL: https://www.harveynorman.com.au/headphones-audio-music/media-streaming-players/chromecast
Media Players  2
Name:Multi room speakers URL: https://www.harveynorman.com.au/headphones-audio-music/media-streaming-players/multi-room-speakers
Soundbars  2
Wireless Multiroom Systems  6
Name:Cooktops URL: https://www.harveynorman.com.au/kitchen-appliances/appliances/cooktops
Accessories  3
Cooktops  233
Freestanding Cookers  15
Grills  1
Portable Cooking Stoves  2
Splashbacks  2
Under Cupboard Rangehoods  1
Name:Rangehoods URL: https://www.harveynorman.com.au/kitchen-appliances/appliances/rangehoods
Accessories  2
Canopy Rangehoods  99
Downdraft Rangehood  2
Ducting Kits  8
Fixed Rangehoods  21
Slide-Out Rangehoods  35
Under Cupboard Rangehoods  71
Name:Microwave Ovens URL: https://www.harveynorman.com.au/kitchen-appliances/appliances/microwave-ovens
Built-in Microwaves  5
Inverter Microwave  6
Microwaves  35
Ovens  2
Name:Fridges URL: https://www.harveynorman.com.au/kitchen-appliances/appliances/fridges
Accessories  12
Fridges  221
Integrated Fridges  12
Vertical Freezers  1
Wine Fridges  1
Name:Freezers URL: https://www.harveynorman.com.au/kitchen-appliances/appliances/freezers
Chest Freezers  13
Fridges  1
Integrated Fridges  1
Vertical Freezers  12
Name:Beer & Wine Appliances URL: https://www.harveynorman.com.au/kitchen-appliances/appliances/beer-wine-appliances
Accessories  1
Beer Fridges  3
Breathalyzers  4
Brewing Appliances  4
Wine Fridges  37
Name:Dishwashers URL: https://www.harveynorman.com.au/kitchen-appliances/appliances/dishwashers
Built-in Dishwashers  3
Built-Under Dishwashers  4
Dishwasher Accessories  1
Freestanding Dishwashers  40
Fully Integrated Dishwashers  15
Semi-Integrated Dishwashers  13
Under Bench Dishwashers  22
Name:Ovens URL: https://www.harveynorman.com.au/kitchen-appliances/appliances/ovens
Accessories  4
Baking Trays  1
Built-in Microwaves  2
Compact Ovens  7
Cooking Packages  1
Freestanding Cookers  15
Microwaves  1
Ovens  208
Pizza Stones  1
Vacuum Sealing Drawers  1
Warming Drawers  12
Name:Freestanding Cookers URL: https://www.harveynorman.com.au/kitchen-appliances/appliances/freestanding-cookers
Cooktops  1
Freestanding Basins  1
Freestanding Cookers  153
Kitchen Accessories  1
Ovens  1
Name:Kitchen Cleaning URL: https://www.harveynorman.com.au/kitchen-appliances/appliances/kitchen-cleaning
Cleaning  2
Cleaning Spray  1
Dishwashing Tablets  3
Name:Cooking Packages URL: https://www.harveynorman.com.au/kitchen-appliances/appliances/cooking-packages
Cooking Packages  27
Name:Cookware URL: https://www.harveynorman.com.au/kitchen-appliances/kitchenware/cookware
Aprons  1
Cooking Accessories  1
Cookware Sets  1
Grills  4
Mixers  1
Roasters  1
Saucepans  1
Utensils  2
Name:Baking URL: https://www.harveynorman.com.au/kitchen-appliances/kitchenware/baking
Baking Trays  5
Pizza Stones  1
Name:Storage & Organisation URL: https://www.harveynorman.com.au/kitchen-appliances/kitchenware/storage-organisation
Kitchen Accessories  1
Salt & Pepper Mills  3
Storage & Containers  3
Storage Bags  1
Vacuum Sealers & Bags  5
Name:Tea, Coffee & Barware URL: https://www.harveynorman.com.au/kitchen-appliances/kitchenware/tea-coffee-barware
Brewing Accessories  6
Brewing Appliances  7
Drinkware  2
Mugs  2
Water Filters  1
Name:Tools & Gadgets URL: https://www.harveynorman.com.au/kitchen-appliances/kitchenware/tools-gadgets
Accessories  1
BBQs & Accessories  1
Can Openers  1
Filters  1
Kitchen Accessories  1
Kitchen Scales  3
Pasta Maker Accessories  1
Pasta Makers  1
Surge Protectors  1
Vacuum Sealers & Bags  2
Water Filters  1
Name:Mixers & Food Processors URL: https://www.harveynorman.com.au/kitchen-appliances/food-preparation/mixers-food-processors
Accessories  34
Blenders  2
Food Dehydrators  2
Food Mincer  2
Food Processor Attachments  5
Food Processors  22
Hand Mixers  7
Juicers  1
Kitchen Accessories  1
Meat Grinders  1
Mixer Attachments  19
Mixers  32
Mixing Bowls  1
Pasta Maker Accessories  3
Pasta Makers  4
Stick Blenders  5
Veggie Spiralizers  1
Name:Kitchen Accessories URL: https://www.harveynorman.com.au/kitchen-appliances/food-preparation/kitchen-accessories
Electric Knives  2
Food Smokers  1
Grills  4
Kettle Cleaner  1
Kitchen Accessories  1
Kitchen Scales  6
Knife Sharpening  1
Pasta Maker Accessories  1
Salt & Pepper Mills  2
Vacuum Sealers & Bags  1
Water Filters  1
Name:Blenders URL: https://www.harveynorman.com.au/kitchen-appliances/food-preparation/blenders
Accessories  5
Blenders  43
Kitchen Accessories  2
Personal Blending  9
Stick Blenders  7
Name:Vacuum Sealers & Bags URL: https://www.harveynorman.com.au/kitchen-appliances/food-preparation/vacuum-sealers-bags
Storage & Containers  1
Storage Bags  1
Vacuum Sealers & Bags  11
Vacuum Sealing Drawers  3
Name:Coffee & Espresso Machines URL: https://www.harveynorman.com.au/kitchen-appliances/coffee-beverage/coffee-machines
Brewing Appliances  1
Built-in Coffee Machines  6
Coffee Grinders  1
Coffee Machines  91
Coffee Makers  1
Milk Frothers  2
Name:Coffee Accessories URL: https://www.harveynorman.com.au/kitchen-appliances/coffee-beverage/coffee-accessories
Accessories  1
Cleaning  12
Cleaning Tools  1
Coffee Accessories  18
Coffee Grinders  6
Coffee Machines  1
Coffee Storage  2
Drinkware  3
Glassware  1
Jugs  1
Milk Frothers  4
Water Filters  5
Water Filters  2
Name:Juicers URL: https://www.harveynorman.com.au/kitchen-appliances/coffee-beverage/juicers
Juicers  13
Personal Blending  1
Name:Water Filters URL: https://www.harveynorman.com.au/kitchen-appliances/coffee-beverage/water-filters
Filters  1
Water Coolers  3
Water Filters  6
Water Filters  1
Water Purifiers  1
Name:Drink & Ice Makers URL: https://www.harveynorman.com.au/kitchen-appliances/coffee-beverage/drink-ice-makers
Bottles  6
Drink Makers  8
Gas Refill Cylinders  1
Hot Water Boiling System  1
Milkshake Maker  1
Personal Blending  1
Syrups  14
Wine Decanter  1
Name:Coffee Capsules & Beans URL: https://www.harveynorman.com.au/kitchen-appliances/coffee-beverage/coffee-capsules-beans
Chocolate Capsules  2
Coffee Beans  15
Coffee Capsules  39
Coffee Grinders  1
Name:Taps URL: https://www.harveynorman.com.au/kitchen-appliances/sinks-taps/taps
Hot Water Dispenser  4
Sinks  15
Taps  10
Tapware  143
Name:Sinks URL: https://www.harveynorman.com.au/kitchen-appliances/sinks-taps/sinks
Accessories  4
Chopping Boards  2
Sink Mixer  2
Sinks  132
Waste Disposable Units  5
Name:Toasters URL: https://www.harveynorman.com.au/kitchen-appliances/small-kitchen-appliances/toasters
Breakfast Package  1
Toasters  73
Name:Grills & Sandwich Presses URL: https://www.harveynorman.com.au/kitchen-appliances/small-kitchen-appliances/grills-sandwich-presses
Frying Pans  1
Grills  7
Pie Makers  2
Sandwich Presses  11
Snack Makers  6
Toasters  1
Name:Compact Ovens URL: https://www.harveynorman.com.au/kitchen-appliances/small-kitchen-appliances/compact-ovens
Compact Ovens  13
Toaster Ovens  1
Name:Kettles URL: https://www.harveynorman.com.au/kitchen-appliances/small-kitchen-appliances/kettles
Breakfast Package  1
Hot Water Urns  1
Kettle Cleaner  1
Kettles  64
Name:Cooking Appliances URL: https://www.harveynorman.com.au/kitchen-appliances/small-kitchen-appliances/cooking-appliances
Accessories  7
Baking Trays  1
Bread Makers  4
Cookware  1
Deep Fryers  12
Egg Cooker  2
Electric Frypans  6
Electric Woks  3
Food Dehydrators  1
Food Processor Attachments  1
Food Steamers  2
Frying Pans  1
Frying Pans  4
Healthy Fryers  2
Hot Plate  4
Ice Cream Makers  1
Ice Makers  1
Kitchen Scales  1
Mixers  1
Multicookers  15
Pie Makers  1
Popcorn Makers  1
Pressure Cookers  1
Rice Cookers  11
Slow Cookers  21
Snack Makers  3
Vacuum Sealers & Bags  1
Woks  1
Name:Irons URL: https://www.harveynorman.com.au/vacuum-laundry-appliances/irons-steam-stations/irons
Accessories  2
Garment Steamers  1
Irons  23
Steam Stations  1
Name:Ironing Boards URL: https://www.harveynorman.com.au/vacuum-laundry-appliances/irons-steam-stations/ironing-boards
Ironing Board Covers  3
Ironing Boards  5
Irons  1
Name:Garment Steamers URL: https://www.harveynorman.com.au/vacuum-laundry-appliances/irons-steam-stations/garment-steamers
Garment Steamers  7
Steam Stations  2
Name:Steam Stations URL: https://www.harveynorman.com.au/vacuum-laundry-appliances/irons-steam-stations/steam-stations
Irons  1
Steam Cleaners  7
Steam Stations  13
Upright Vacuums  2
Name:Robotic Vacuum Cleaners URL: https://www.harveynorman.com.au/vacuum-laundry-appliances/vacuum-cleaners/robotic-vacuum-cleaners
Accessories  1
Handstick Vacuums  1
Robotic Vacuums  10
Name:Bags & Filters URL: https://www.harveynorman.com.au/vacuum-laundry-appliances/vacuum-cleaners/bags-filters
Accessories  3
Filters  12
Replacement Pads  1
Vacuum Bags  23
Name:Vacuum Attachments URL: https://www.harveynorman.com.au/vacuum-laundry-appliances/vacuum-cleaners/vacuum-attachments
Accessories  1
Chargers  1
Cleaning  3
Cleaning Solutions  1
Cleaning Tools  1
Replacement Brushes  2
Vacuum Attachments  24
Name:Vacuum Cleaners URL: https://www.harveynorman.com.au/vacuum-laundry-appliances/vacuum-cleaners/vacuum-cleaners
Backpack Vacuums  1
Barrel Vacuums  32
Carpet Shampooers  1
Chargers  1
Hand-held Vacuums  10
Handstick Vacuums  29
Robotic Vacuums  13
Steam Vacuums  1
Upright Vacuums  9
Wet & Dry Vacuums  5
Window Cleaners  4
Name:Stick Vacuum Cleaners URL: https://www.harveynorman.com.au/vacuum-laundry-appliances/vacuum-cleaners/stick-vacuum-cleaners
Hand-held Vacuums  1
Handstick Vacuums  30
Upright Vacuums  1
Name:Steam Cleaners URL: https://www.harveynorman.com.au/vacuum-laundry-appliances/steam-cleaners-shampooers/steam-cleaners
Cleaning Solutions  1
Floor Polishers  1
Steam Cleaners  14
Steam Vacuums  1
Upright Vacuums  1
Name:Steam Cleaning Accessories URL: https://www.harveynorman.com.au/vacuum-laundry-appliances/steam-cleaners-shampooers/steam-cleaning-accessories
Cleaning Solutions  13
Filters  1
Replacement Pads  10
Steam Cleaners  1
Steam Cleaning Accessories  5
Wipes  1
Name:Carpet Shampooers URL: https://www.harveynorman.com.au/vacuum-laundry-appliances/steam-cleaners-shampooers/carpet-shampooers
Carpet Cleaners  7
Carpet Shampooers  5
Name:Shampooer Accessories URL: https://www.harveynorman.com.au/vacuum-laundry-appliances/steam-cleaners-shampooers/shampooer-accessories
Cleaning  2
Cleaning Solutions  13
Pet Grooming  1
Pet Shampoos & Conditioners  2
Replacement Brushes  1
Name:Floor Cleaners URL: https://www.harveynorman.com.au/vacuum-laundry-appliances/steam-cleaners-shampooers/floor-cleaners
Cleaning Solutions  6
Cleaning Spray  3
Cleaning Tools  3
Steam Cleaners  12
Steam Vacuums  1
Upright Vacuums  2
Name:Carpet Cleaners URL: https://www.harveynorman.com.au/vacuum-laundry-appliances/steam-cleaners-shampooers/carpet-cleaners
Carpet Cleaners  7
Carpet Shampooers  1
Name:Washing Machines URL: https://www.harveynorman.com.au/vacuum-laundry-appliances/washing-machines-dryers/washing-machines
Front Load Washing Machines  63
Top Load Washing Machines  31
Washer & Dryer Combo  23
Washer & Dryer Packages  8
Name:Dryers URL: https://www.harveynorman.com.au/vacuum-laundry-appliances/washing-machines-dryers/dryers
Clothes Dryers  20
Condenser Dryers  13
Heat Pump Dryers  24
Washer & Dryer Combo  15
Washer & Dryer Packages  7
Name:Washing Powder & Liquids URL: https://www.harveynorman.com.au/vacuum-laundry-appliances/washing-machines-dryers/washing-powder-liquids
Washing Liquid  1
Washing Powder  1
Name:Accessories URL: https://www.harveynorman.com.au/vacuum-laundry-appliances/washing-machines-dryers/accessories
Accessories  2
Clothes Dryers  2
Clothes Pegs  1
Front Load Washing Machines  1
Inlet Hoses  2
Laundry Pedestal  1
Stacking Kit  5
Stacking Mats  2
Surge Protectors  1
Name:Fans URL: https://www.harveynorman.com.au/heating-cooling-air-treatment/fans/fans
Accessories  4
Air Purifiers  2
Box Fans  4
Ceiling Fans  37
Desk Fans  10
Evaporative Coolers  4
Fan Heaters  5
Floor Fans  8
LED Lights  4
Misting Fans  1
Pedestal Fans  14
Remote Controls  3
Tower Fans  14
Wall Fans  1
Name:Electric Blankets URL: https://www.harveynorman.com.au/beds-manchester/quilts-pillows/electric-blankets
Electric Blankets  21
Heated Throws  3
Name:Electric Heaters URL: https://www.harveynorman.com.au/heating-cooling-air-treatment/heating/electric-heaters
Ceramic Heaters  13
Ceramic Tower Heaters  4
Column Heaters  21
Convector Heaters  6
Electric Fire Heaters  16
Fan Heaters  17
Heated Towel Rails  1
Outdoor Heaters  8
Outdoor Heating  3
Panel Heaters  35
Radiant Heaters  4
Tower Fans  1
Name:Gas Heaters URL: https://www.harveynorman.com.au/heating-cooling-air-treatment/heating/gas-heaters
Convector Heaters  21
Outdoor Heaters  2
Radiant Heaters  14
Name:Split System Airconditioners URL: https://www.harveynorman.com.au/heating-cooling-air-treatment/air-conditioning/split-system-airconditioners
Controllers  1
Inverter Split System  25
Remote Controls  1
Split System  44
Name:Portable Airconditioners URL: https://www.harveynorman.com.au/heating-cooling-air-treatment/air-conditioning/portable-airconditioners
Mobile Air Conditioners  10
Name:Window/Wall Airconditioners URL: https://www.harveynorman.com.au/heating-cooling-air-treatment/air-conditioning/window-wall-airconditioners
Window Wall  22
Name:Air Purifiers URL: https://www.harveynorman.com.au/heating-cooling-air-treatment/air-treatment/air-purifiers
Air Purifiers  17
Dehumidifiers  4
Diffusers  9
Essential Oil  2
Filters  15
Humidifiers  3
Name:Dehumidifiers URL: https://www.harveynorman.com.au/heating-cooling-air-treatment/air-treatment/dehumidifiers
Dehumidifiers  13
Filters  1
Name:Humidifiers URL: https://www.harveynorman.com.au/heating-cooling-air-treatment/air-treatment/humidifiers
Air Purifiers  1
Dehumidifiers  1
Evaporative Coolers  4
Filters  2
Humidifiers  9
Name:Electric Hot Water Systems URL: https://www.harveynorman.com.au/replacement-hot-water/replacement-hot-water/electric-hot-water-systems
Storage Systems  27
Name:Gas Hot Water Systems URL: https://www.harveynorman.com.au/replacement-hot-water/replacement-hot-water/gas-hot-water-systems
Continuous Flow Systems  8
Storage Systems  12
Name:Solar Hot Water Systems URL: https://www.harveynorman.com.au/replacement-hot-water/replacement-hot-water/solar-hot-water-systems
Solar Systems  19
Name:Heat Pump Hot Water Systems URL: https://www.harveynorman.com.au/replacement-hot-water/replacement-hot-water/heat-pump-hot-water-systems
Heat Pump Systems  1
Name:Electric Toothbrushes URL: https://www.harveynorman.com.au/health-fitness-beauty/dental-care/electric-toothbrushes
Flossers  1
Replacement Brushes  15
Toothbrushes  36
Name:Electric Flossers URL: https://www.harveynorman.com.au/health-fitness-beauty/dental-care/electric-flossers
Accessories  3
Flossers  5
Toothbrushes  4
Name:Hair Dryers URL: https://www.harveynorman.com.au/health-fitness-beauty/hair-styling/hair-dryers
Hair Dryers  30
Hair Styling Packages  1
Name:Hair Straighteners URL: https://www.harveynorman.com.au/health-fitness-beauty/hair-styling/hair-straighteners
Hair Straighteners  17
Hair Stylers  1
Hair Styling Packages  1
Name:Hair Curlers URL: https://www.harveynorman.com.au/health-fitness-beauty/hair-styling/hair-curlers
Hair Curling Tongs  7
Hair Rollers  2
Hair Stylers  6
Name:Hair Stylers URL: https://www.harveynorman.com.au/health-fitness-beauty/hair-styling/hair-stylers
Hair Stylers  8
Name:Crosstrainers URL: https://www.harveynorman.com.au/health-fitness-beauty/home-gym-equipment/ellipticals-crosstrainers
Ellipticals  6
Exercise Bikes  1
Name:Exercise Bikes URL: https://www.harveynorman.com.au/health-fitness-beauty/home-gym-equipment/exercise-bikes
Bikes  2
Ellipticals  1
Exercise Bikes  20
Exercise Equipment  2
Name:Rowing Machines URL: https://www.harveynorman.com.au/health-fitness-beauty/home-gym-equipment/rowing-machines
Fitness Accessories  2
Rowing Machines  19
Name:Treadmills URL: https://www.harveynorman.com.au/health-fitness-beauty/home-gym-equipment/treadmills
Lubrication Oil  1
Treadmill Mat  1
Treadmills  8
Name:Exercise Equipment URL: https://www.harveynorman.com.au/health-fitness-beauty/home-gym-equipment/exercise-equipment
Exercise Equipment  13
Fitness Accessories  28
Fitness Mats  1
Foam Rollers  2
Gym Mats  6
Home Gym Stations  5
Kettlebells  1
Massagers  1
Medicine Balls  1
Plates  1
Plyometric Boxes  6
Power Bags  4
Power Racks  3
Resistance  1
Rowing Machines  7
Slam Balls  3
Strength Training  5
Trampolines  4
Treadmill Mat  1
Weight Bars  2
Weights  4
Yoga Mats  1
Name:Weights URL: https://www.harveynorman.com.au/health-fitness-beauty/home-gym-equipment/weights
Baseball Sets  1
Exercise Equipment  2
Fitness Accessories  9
Kettlebells  22
Power Bags  2
Power Racks  1
Slam Balls  2
Weight Bars  19
Weights  17
Name:Medicine Balls URL: https://www.harveynorman.com.au/health-fitness-beauty/home-gym-equipment/medicine-balls
Medicine Ball Rack  1
Medicine Balls  6
Slam Balls  5
Name:Fitness Bench URL: https://www.harveynorman.com.au/health-fitness-beauty/home-gym-equipment/fitness-bench
Benches  10
Exercise Equipment  2
Weights Benches  1
Name:Spa & Massage URL: https://www.harveynorman.com.au/health-fitness-beauty/beauty-massage/spa-massage
Accessories  4
Epilators  1
Foot Spas  5
Heating Pads  2
Massage Chairs  8
Massagers  30
Sports Massage  1
Name:Beauty URL: https://www.harveynorman.com.au/health-fitness-beauty/beauty-massage/beauty
Baths & Spas  1
Facial Brushes  9
Facial Saunas  1
Mirrors  6
Multi Groomers  1
Soaps & Body Lotions  2
Name:Female Hair Removal URL: https://www.harveynorman.com.au/health-fitness-beauty/shaving-and-grooming/female-hair-removal
Epilators  14
Laser Hair Removal  1
Long Term Hair Removal  6
Trimmers  6
Womens Shavers  14
Name:Mens Shavers URL: https://www.harveynorman.com.au/health-fitness-beauty/shaving-and-grooming/mens-shavers
Accessories  10
Cleaning Solutions  5
Mens Shavers  26
Multi Groomers  2
OneBlade  2
Trimmers  5
Name:Hair Clippers & Trimmers URL: https://www.harveynorman.com.au/health-fitness-beauty/shaving-and-grooming/hair-clippers-trimmers
Accessories  2
Clippers  24
Multi Groomers  8
Pet Clippers  5
Trimmers  21
Name:Scales URL: https://www.harveynorman.com.au/health-fitness-beauty/health/bathroom-scales
Bathroom Scales  22
Name:Blood Pressure Monitors URL: https://www.harveynorman.com.au/health-fitness-beauty/health/blood-pressure-monitors
Blood Pressure Monitors  3
Name:Thermometers URL: https://www.harveynorman.com.au/health-fitness-beauty/health/thermometers
Thermometers  4
Name:Lounges URL: https://www.harveynorman.com.au/furniture-outdoor-bbqs/living-room/lounges
Armchair  24
Lounge Suites  24
Modular Lounge Suites  15
Occasional Chairs  1
Ottomans  9
Recliner Sofas  2
Sofa Beds  1
Sofa with Chaise  28
Sofas  51
Name:Sofa Beds URL: https://www.harveynorman.com.au/furniture-outdoor-bbqs/living-room/sofa-beds
Sofa Beds  25
Name:TV Units URL: https://www.harveynorman.com.au/furniture-outdoor-bbqs/living-room/tv-units
Buffets  2
Entertainment Units  28
Name:Coffee & Lamp Tables URL: https://www.harveynorman.com.au/furniture-outdoor-bbqs/living-room/coffee-lamp-tables
Coffee Tables  19
Hall Table  5
Lamp Tables  16
Name:Recliner Chairs URL: https://www.harveynorman.com.au/furniture-outdoor-bbqs/living-room/recliner-chairs
Armchair  1
Chaise Lounges  1
Lift Chairs  23
Lounge Suites  3
Recliner Chairs  60
Recliner Sofas  2
Name:Recliner Lounges URL: https://www.harveynorman.com.au/furniture-outdoor-bbqs/living-room/recliner-lounges
Armchair  1
Corner Lounge Suites   1
Lounge Suites  6
Modular Lounge Suites  2
Recliner Chairs  2
Recliner Sofas  29
Recliner Suites  26
Sofa with Chaise  4
Sofas  4
Name:Desks & Suites URL: https://www.harveynorman.com.au/furniture-outdoor-bbqs/home-office/desks-suites
Accessories  2
Cabinets  1
Chargers  1
Desk with Hutch   1
Desks  31
Mounts  2
Sit Stand Desks  7
Name:Office Chairs URL: https://www.harveynorman.com.au/furniture-outdoor-bbqs/home-office/office-chairs
Office Chairs  11
Name:Office Storage URL: https://www.harveynorman.com.au/furniture-outdoor-bbqs/home-office/office-storage
Bookcases  4
Cabinet Desks  1
Cabinets  4
Credenza  1
Mobile Pedestal   1
Organiser  1
Shelves  2
Stands  1
Name:Safes URL: https://www.harveynorman.com.au/furniture-outdoor-bbqs/home-office/safes
Safes  10
Name:Chandeliers URL: https://www.harveynorman.com.au/beds-manchester/decorator-items/chandeliers
Chandeliers & Pendants  20
Lamps  3
Name:Table Lamps URL: https://www.harveynorman.com.au/beds-manchester/decorator-items/table-lamps
Fitness Trackers  1
Floor Lamps  4
Lamps  6
Table Lamps  41
Name:Vases URL: https://www.harveynorman.com.au/beds-manchester/decorator-items/vases
Vases  2
Name:Wall Art URL: https://www.harveynorman.com.au/beds-manchester/decorator-items/wall-art
Wall Art  48
Name:Candles & Candle Accessories URL: https://www.harveynorman.com.au/furniture-outdoor-bbqs/decorator-items/candles-candle-accessories
Candles  1
Name:Fashion Decorator URL: https://www.harveynorman.com.au/beds-manchester/decorator-items/fashion-decorator
Bed Canopy  1
Bedding  2
Lanterns  2
Mirrors  4
Plants  2
Pots  1
Storage Boxes  1
Name:Cushions URL: https://www.harveynorman.com.au/beds-manchester/decorator-items/cushions
Cushions  127
European Pillowcases  1
Travel Neck Pillows  5
Name:Garden Sheds URL: https://www.harveynorman.com.au/furniture-outdoor-bbqs/lawn-garden/garden-sheds
Flat Roof Pet House Sheds  2
Flat Roof Sheds  14
Gable Roof Sheds  22
Garage Sheds  11
Garden Sheds  1
Narrow Slider Sheds  3
Off The Wall Sheds  3
Shed Tools & Accessories  8
Skillion Roof Sheds  8
Storm Sheds  3
Truss Roof Sheds  17
Name:Lawn Mowers URL: https://www.harveynorman.com.au/furniture-outdoor-bbqs/lawn-garden/lawn-mowers
Garden Shredders  1
Lawn Mowers  6
Ride-On Mowers  2
Name:Trimmers & Edgers URL: https://www.harveynorman.com.au/furniture-outdoor-bbqs/lawn-garden/trimmers-edgers
Garden Shredders  2
Hedge Trimmers  1
Lawn Edgers  1
Trimmers  1
Name:Outdoor Dining URL: https://www.harveynorman.com.au/furniture-outdoor-bbqs/outdoor-living/outdoor-dining
Dining Chairs  5
Dining Settings  1
Dining Tables  1
Extension Dining Setting  1
Lounge & Dining Setting  1
Outdoor Bar Setting  2
Outdoor Benches  1
Outdoor Chat Setting  1
Outdoor Dining Chair  5
Outdoor Dining Settings  23
Outdoor Living Setting  2
Outdoor Lounge Setting  1
Name:BBQs URL: https://www.harveynorman.com.au/furniture-outdoor-bbqs/outdoor-living/bbqs
BBQs  48
Grills  3
Outdoor Kitchen  6
Pizza Ovens  5
Smokers  4
Name:Outdoor Lounges URL: https://www.harveynorman.com.au/furniture-outdoor-bbqs/outdoor-living/outdoor-lounges
Daybeds  1
Ottomans  4
Outdoor Balcony Settings  1
Outdoor Bar Setting  1
Outdoor Chat Setting  3
Outdoor Dining Settings  1
Outdoor Lounge Setting  12
Outdoor Modulars  1
Outdoor Recliners  1
Pod Chairs  2
Sunloungers  2
Name:BBQ Accessories URL: https://www.harveynorman.com.au/furniture-outdoor-bbqs/outdoor-living/bbq-accessories
Accessories  5
BBQs  1
BBQs & Accessories  12
Covers  3
Outdoor Kitchen  2
Pizza Stones  1
Stands  2
Name:Umbrellas URL: https://www.harveynorman.com.au/furniture-outdoor-bbqs/outdoor-living/umbrellas
Outdoor Umbrellas  17
Shades  16
Umbrella Bases  5
Umbrellas  1
Name:Dining Furniture URL: https://www.harveynorman.com.au/furniture-outdoor-bbqs/dining-room/dining-furniture
Benches  1
Buffets  26
Coffee Tables  3
Dining Chairs  28
Dining Settings  40
Dining Tables  32
Entertainment Units  6
Extension Dining Table  2
Hall Table  2
High Dining Chair  1
High Dining Table  1
Lamp Tables  5
Name:Bar Stools URL: https://www.harveynorman.com.au/furniture-outdoor-bbqs/dining-room/bar-stools
Bar Stools  11
Benches  1
Stools  3
Name:Shutters URL: https://www.harveynorman.com.au/furniture-outdoor-bbqs/window-coverings/shutters
Faux Wood Shutters  61
Shutters  1
Timber Shutters  1
Name:Bedroom Storage URL: https://www.harveynorman.com.au/beds-manchester/bedroom/bedroom-storage
Bedside Tables  82
Blanket Boxes  2
Bookcases  1
Cabinets  2
Chests  1
Desks  1
Dressers  30
Dressing Tables  5
Loft Beds  1
Mirrors  4
Tallboys  64
Name:Mattresses URL: https://www.harveynorman.com.au/beds-manchester/bedroom/mattresses
Air Beds  8
Mattresses  42
Name:Ensembles URL: https://www.harveynorman.com.au/beds-manchester/bedroom/ensembles
Bed Bases  1
Beds  4
Ensembles  99
Name:Bedroom Chairs URL: https://www.harveynorman.com.au/beds-manchester/bedroom/bedroom-chairs
Bedroom Chairs  11
Name:Bed Frames URL: https://www.harveynorman.com.au/beds-manchester/bedroom/bed-frames
Bedheads  1
Beds  113
Name:Bedheads URL: https://www.harveynorman.com.au/beds-manchester/bedroom/bedheads
Bedheads  12
Name:Bed Bases URL: https://www.harveynorman.com.au/beds-manchester/bedroom/bed-bases
Bed Bases  11
Name:Quilt Covers URL: https://www.harveynorman.com.au/beds-manchester/bed-linen/quilt-covers
Bedskirts  1
Bedspreads  8
Comforters  2
Coverlets  5
Cushions  1
European Pillowcases  1
Quilt Cover Sets  155
Quilt Covers  3
Quilts  2
Name:Bed Sheets URL: https://www.harveynorman.com.au/beds-manchester/bed-linen/bed-sheets
Bedskirts  1
Flat Sheets  1
Quilt Cover Sets  1
Sheet Sets  49
Name:Pillowcases URL: https://www.harveynorman.com.au/beds-manchester/bed-linen/pillowcases
Cushions  1
European Pillowcases  103
Pillow Protectors  14
Standard Pillowcases  12
Name:Quilts URL: https://www.harveynorman.com.au/beds-manchester/quilts-pillows/quilts
Quilts  37
Name:Pillows URL: https://www.harveynorman.com.au/beds-manchester/quilts-pillows/pillows
Mattress Protectors  1
Pillows  86
Name:Mattress Toppers URL: https://www.harveynorman.com.au/beds-manchester/quilts-pillows/mattress-toppers
Mattress Toppers  7
Name:Blankets URL: https://www.harveynorman.com.au/beds-manchester/quilts-pillows/blankets
Bed Throws  12
Blankets  19
Name:Mattress Protectors URL: https://www.harveynorman.com.au/beds-manchester/quilts-pillows/mattress-protectors
Mattress Protectors  19
Name:Kids Beds URL: https://www.harveynorman.com.au/beds-manchester/kids-bedroom/kids-beds
Bedheads  1
Beds  34
Name:Kids Bunk Beds URL: https://www.harveynorman.com.au/beds-manchester/kids-bedroom/kids-bunk-beds
Beds  1
Bunk Beds  13
Name:Kids Bedroom Storage URL: https://www.harveynorman.com.au/beds-manchester/kids-bedroom/kids-bedroom-storage
Bedside Tables  20
Chests  1
Desks  2
Dressers  3
Mirrors  1
Storage Boxes  2
Tallboys  13
Name:Kids Bed Linen URL: https://www.harveynorman.com.au/beds-manchester/kids-bedroom/kids-bed-linen
Cushions  38
Quilt Cover Sets  45
Sheet Sets  6
Name:Wall Tiles URL: https://www.harveynorman.com.au/bathroom-tiles-renovations/tiles/wall-tiles
Floor Tiles  7
Wall Tiles  21
Name:Floor Tiles URL: https://www.harveynorman.com.au/bathroom-tiles-renovations/tiles/floor-tiles
Floor Heating Products  1
Floor Tiles  153
Name:Drop in Bath URL: https://www.harveynorman.com.au/bathroom-tiles-renovations/baths-spas/drop-in-bath
Baths  14
Inset Baths  21
Spa Baths  1
Name:Freestanding Bath  URL: https://www.harveynorman.com.au/bathroom-tiles-renovations/baths-spas/freestanding-bath
Bath & Bath Stands  1
Baths  49
Baths & Bath Stands  1
Baths & Spas  1
Freestanding Baths  32
Inset Baths  3
Name:Drop in Spas URL: https://www.harveynorman.com.au/bathroom-tiles-renovations/baths-spas/drop-in-spas
Baths  4
Inset Baths  1
Spa Baths  21
Name:Freestanding Spas URL: https://www.harveynorman.com.au/bathroom-tiles-renovations/baths-spas/freestanding-spas
Baths & Spas  1
Freestanding Baths  1
Spa Baths  2
Name:Mixers & Tapware URL: https://www.harveynorman.com.au/bathroom-tiles-renovations/bathroom-sink-tapware/basin-mixers
Basin & Bath Spouts  3
Basin Mixers  137
Sink Mixer  2
Taps  25
Tapware  93
Name:3-Piece Tapware  URL: https://www.harveynorman.com.au/bathroom-tiles-renovations/bathroom-sink-tapware/3-piece-tapware
Basin & Bath Spouts  1
Basin Sets  13
Bath Sets  7
Bathroom Accessories  1
Freestanding Bath Mixers  3
Showers  20
Taps  1
Tapware  17
Name:Basin & Bath Spouts  URL: https://www.harveynorman.com.au/bathroom-tiles-renovations/bathroom-sink-tapware/basin-bath-spouts
Basin & Bath Spouts  48
Basins  1
Sink Mixer  1
Spout  3
Tapware  16
Name:Shower Heads & Arms URL: https://www.harveynorman.com.au/bathroom-tiles-renovations/bathroom-sink-tapware/shower-heads-arms
Bathroom Accessories  14
Ceiling Shower Arms  16
Shower Arms  9
Shower Head  1
Shower Mixer  1
Showers  134
Taps  3
Tapware  51
Name:Kitchen Sinks & Accessories  URL: https://www.harveynorman.com.au/bathroom-tiles-renovations/bathroom-sink-tapware/kitchen-sinks-accessories
Showers  1
Sink Mixer  1
Sinks  48
Tapware  2
Name:Baskets & Caddys URL: https://www.harveynorman.com.au/bathroom-tiles-renovations/bathroom-accessories-3/bathroom-caddy-accessories
Baskets & Caddys  2
Bathroom Accessories  4
Cup Holders  2
Custom Shower Screens  1
Floor Heating Products  8
Soap Dishes  10
Name:Robe Hooks URL: https://www.harveynorman.com.au/bathroom-tiles-renovations/bathroom-accessories-3/robe-hooks
Robe Hooks  42
Name:Shelves & Holders URL: https://www.harveynorman.com.au/bathroom-tiles-renovations/bathroom-accessories-3/bathroom-shelves
Bathroom Accessories  2
Cup Holders  4
Shelves  48
Soap Dishes  12
Toilet Roll Holders  1
Towel Rails  2
Name:Toilet Brush Set URL: https://www.harveynorman.com.au/bathroom-tiles-renovations/bathroom-accessories-3/toilet-brush-set
Toilet Brush Holders  4
Name:Bathroom Rails URL: https://www.harveynorman.com.au/bathroom-tiles-renovations/bathroom-accessories-3/towel-rails
Bathroom Accessories  6
Grip Rails  3
Heated Towel Rails  1
Shelves  2
Soap Dishes  1
Towel Rails  112
Towel Rings  9
Name:Guest Towel Holders URL: https://www.harveynorman.com.au/bathroom-tiles-renovations/bathroom-accessories-3/towel-ring-guest-towel-holder
Bathroom Accessories  2
Towel Rails  6
Towel Rings  23
Name:Close Coupled & Link Toilets  URL: https://www.harveynorman.com.au/bathroom-tiles-renovations/toilets-suites-bidettes/close-coupled-link-toilets
Back to Wall Toilets  1
Close Coupled Toilets  8
Toilets  2
Name:Back to Wall Toilets  URL: https://www.harveynorman.com.au/bathroom-tiles-renovations/toilets-suites-bidettes/back-to-wall-toilets
Back to Wall Toilets  19
Close Coupled Toilets  1
Toilet Suite  3
Toilets  6
Name:Wall Face Toilets  URL: https://www.harveynorman.com.au/bathroom-tiles-renovations/toilets-suites-bidettes/wall-face-toilets
Back to Wall Toilets  1
Close Coupled Toilets  1
Toilets  62
Name:Wall Hung Toilets  URL: https://www.harveynorman.com.au/bathroom-tiles-renovations/toilets-suites-bidettes/wall-hung-toilets
Toilets  40
Name:Inwall Cistern & Buttons URL: https://www.harveynorman.com.au/bathroom-tiles-renovations/toilets-suites-bidettes/inwall-cistern-buttons
Flush Plates  9
Toilets  3
Name:Toilet Seats & Bidettes  URL: https://www.harveynorman.com.au/bathroom-tiles-renovations/toilets-suites-bidettes/toilet-seats-bidettes
Toilet Seats  1
Toilet Training  3
Toilets  15
Name:Above Counter Basins  URL: https://www.harveynorman.com.au/bathroom-tiles-renovations/basins/above-counter-basins
Basins  16
Ceramic Basins  36
Sinks  25
Name:Vanity Basins  URL: https://www.harveynorman.com.au/bathroom-tiles-renovations/basins/vanity-basins
Basins  3
Vanities  2
Name:Drop In & Semi Recess Basins URL: https://www.harveynorman.com.au/bathroom-tiles-renovations/basins/drop-in-semi-recess-basins
Basins  4
Ceramic Basins  10
Sinks  1
Name:Under-Counter Basins  URL: https://www.harveynorman.com.au/bathroom-tiles-renovations/basins/under-counter-basins
Ceramic Basins  7
Sinks  7
Name:Wall & Pedestal Basins URL: https://www.harveynorman.com.au/bathroom-tiles-renovations/basins/wall-pedestal-basins
Basins  9
Ceramic Basins  8
Shower Mixer  1
Tapware  3
Name:Floor Grates URL: https://www.harveynorman.com.au/bathroom-tiles-renovations/wastes-grates-outlets/floor-grates
Floor Grates  35
Name:Plug & Waste Traps URL: https://www.harveynorman.com.au/bathroom-tiles-renovations/wastes-grates-outlets/plug-waste-traps
Bottle Traps  4
Plug & Wastes  2
Name:Bathroom Vanity Units URL: https://www.harveynorman.com.au/bathroom-tiles-renovations/bathroom-laundry-furniture/bathroom-vanity-units
Cabinets  6
Vanities  55
Wall Hung Vanities  3
Name:Tall Boy & Wall Units  URL: https://www.harveynorman.com.au/bathroom-tiles-renovations/bathroom-laundry-furniture/tall-boy-wall-units
Tallboys  4
Name:Shaving Cabinets  URL: https://www.harveynorman.com.au/bathroom-tiles-renovations/bathroom-laundry-furniture/shaving-cabinets
Cabinets  17
Tallboys  1
Vanities  7
Name:Bathroom Mirrors  URL: https://www.harveynorman.com.au/bathroom-tiles-renovations/bathroom-laundry-furniture/bathroom-mirrors
Cabinets  1
Mirrors  53
Vanities  1
Name:Laundry Tubs & Units  URL: https://www.harveynorman.com.au/bathroom-tiles-renovations/bathroom-laundry-furniture/laundry-tubs-units
Basins  1
Cabinets  2
Sinks  6
Vanities  1
Name:Laundry Cabinets  URL: https://www.harveynorman.com.au/bathroom-tiles-renovations/bathroom-laundry-furniture/laundry-cabinets
Cabinets  4
Name:Timber Flooring URL: https://www.harveynorman.com.au/carpet-flooring-rugs/flooring/timber-flooring
Floor Polishers  1
Flooring  4
Timber  18
Name:Laminate Flooring URL: https://www.harveynorman.com.au/carpet-flooring-rugs/flooring/laminate-flooring
Laminate  35
Name:Vinyl Flooring & Vinyl Tiles URL: https://www.harveynorman.com.au/carpet-flooring-rugs/flooring/vinyl-flooring-vinyl-tiles
Flooring  1
Vinyl  7
Vinyl Tiles  23
Name:Bamboo Flooring URL: https://www.harveynorman.com.au/carpet-flooring-rugs/flooring/bamboo-flooring
Bamboo  5
Name:Waterproof Flooring URL: https://www.harveynorman.com.au/carpet-flooring-rugs/flooring/waterproof-flooring
Hybrid  6
Waterproof Flooring  16
Name:Carpet URL: https://www.harveynorman.com.au/carpet-flooring-rugs/carpet-underlay/carpet
Carpet  224
Name:Carpet Underlay URL: https://www.harveynorman.com.au/carpet-flooring-rugs/carpet-underlay/carpet-underlay
Underlays  3
Name:All Rugs URL: https://www.harveynorman.com.au/carpet-flooring-rugs/rugs/rugs
Rugs  273
Name:Traditional Rugs URL: https://www.harveynorman.com.au/carpet-flooring-rugs/rugs/traditional-rugs
Rugs  2
Name:Modern Rugs URL: https://www.harveynorman.com.au/carpet-flooring-rugs/rugs/modern-rugs
Rugs  203
Name:Shaggy Rugs URL: https://www.harveynorman.com.au/carpet-flooring-rugs/rugs/shaggy-rugs
Rugs  44

[Done] exited with code=0 in 5101.733 seconds

