,0
Unnamed: 0,0
Laptops,https://www.harveynorman.com.au/computers-tablets/computers/laptops
Desktops & All-in-Ones,https://www.harveynorman.com.au/computers-tablets/computers/desktops-and-all-in-one
Buying Guides,https://www.harveynorman.com.au/carpet-flooring-rugs/rugs/buying-guides
Apple Mac Computers,https://www.harveynorman.com.au/computers-tablets/computers/apple-mac-computers
Modern PCs,https://www.harveynorman.com.au/computers-tablets/computers/modern-pcs
2-in-1 PCs,https://www.harveynorman.com.au/computers-tablets/computers/2-in-1
Gaming PCs & VRs,https://www.harveynorman.com.au/computers-tablets/computers/gaming-pc-and-vr
Microsoft Surface,https://www.harveynorman.com.au/computers-tablets/computers/microsoft-surface
Monitors,https://www.harveynorman.com.au/computers-tablets/computer-accessories/monitors
Multimedia Accessories,https://www.harveynorman.com.au/computers-tablets/computer-accessories/multimedia-accessories
"Keyboards, Mouse & Mats",https://www.harveynorman.com.au/computers-tablets/computer-accessories/keyboards-mouse-mats
Software,https://www.harveynorman.com.au/computers-tablets/computer-accessories/software
Laptop Bags & Sleeves,https://www.harveynorman.com.au/computers-tablets/computer-accessories/laptop-bags-sleeves
"Chargers, Cables & Adapters",https://www.harveynorman.com.au/computers-tablets/computer-accessories/chargers-cables-adapters
Computer Speakers,https://www.harveynorman.com.au/computers-tablets/computer-accessories/computer-speakers
Tablets,https://www.harveynorman.com.au/computers-tablets/ipads-surface-tablets/tablets
Buying Guides ,https://www.harveynorman.com.au/computers-tablets/ipads-surface-tablets/buying-guides
Cases & Keyboards,https://www.harveynorman.com.au/computers-tablets/ipads-surface-tablets/cases-keyboards
Cables & Adapters,https://www.harveynorman.com.au/tv-blu-ray-home-theatre/tv-accessories/cables-adapters
iPads,https://www.harveynorman.com.au/computers-tablets/ipads-surface-tablets/ipads
Surface Accessories,https://www.harveynorman.com.au/computers-tablets/ipads-surface-tablets/surface-accessories
Microsoft Surface Go,https://www.harveynorman.com.au/computers-tablets/ipads-surface-tablets/microsoft-surface-go
Cables & Connectors,https://www.harveynorman.com.au/computers-tablets/networking/cables-connectors
Modems & Routers,https://www.harveynorman.com.au/computers-tablets/networking/modems-routers
Mesh Wifi,https://www.harveynorman.com.au/computers-tablets/networking/mesh-wifi
Wifi Range Extenders,https://www.harveynorman.com.au/computers-tablets/networking/wifi-extenders
Networking Adapters,https://www.harveynorman.com.au/computers-tablets/networking/networking-adapters
Ethernet Switches,https://www.harveynorman.com.au/computers-tablets/networking/ethernet-switches
Business Solutions,https://www.harveynorman.com.au/computers-tablets/networking/business-solutions
Motherboards,https://www.harveynorman.com.au/computers-tablets/components/motherboards
Processors,https://www.harveynorman.com.au/computers-tablets/components/processors
Graphics Cards,https://www.harveynorman.com.au/computers-tablets/components/graphics-cards
Air & Water Cooling,https://www.harveynorman.com.au/computers-tablets/components/air-water-cooling
Computer Memory,https://www.harveynorman.com.au/computers-tablets/components/computer-memory
Computer Cases,https://www.harveynorman.com.au/computers-tablets/components/computer-cases
External Devices,https://www.harveynorman.com.au/computers-tablets/components/external-devices
All Hard Drives & Storage,https://www.harveynorman.com.au/computers-tablets/hard-drives-storage/all-hard-drives-storage
Portable Hard Drives,https://www.harveynorman.com.au/computers-tablets/hard-drives-storage/portable-hard-drives
Desktop Hard Drives,https://www.harveynorman.com.au/computers-tablets/hard-drives-storage/desktop-hard-drives
USB Flash Drives,https://www.harveynorman.com.au/computers-tablets/hard-drives-storage/usb-flash-drives
Network Storage,https://www.harveynorman.com.au/computers-tablets/hard-drives-storage/network-storage
Memory Cards,https://www.harveynorman.com.au/computers-tablets/hard-drives-storage/memory-cards
Mobile Broadband,https://www.harveynorman.com.au/phones-accessories-gps/phones-phablets/mobile-broadband
Unlocked Mobile Phones,https://www.harveynorman.com.au/phones-accessories-gps/phones-phablets/unlocked-mobile-phones
Home Phones,https://www.harveynorman.com.au/phones-accessories-gps/phones-phablets/home-phones
Pre-Paid Mobile Phones,https://www.harveynorman.com.au/phones-accessories-gps/phones-phablets/pre-paid-mobile-phones
UHF Radios,https://www.harveynorman.com.au/phones-accessories-gps/phones-phablets/uhf-radios
iPhones,https://www.harveynorman.com.au/phones-accessories-gps/phones-phablets/iphones
SIM Cards,https://www.harveynorman.com.au/phones-accessories-gps/phones-phablets/sim-cards
GPS Navigators,https://www.harveynorman.com.au/phones-accessories-gps/gps/gps-navigators
GPS Chargers & Adapters,https://www.harveynorman.com.au/phones-accessories-gps/gps/gps-chargers-adapters
GPS Cases & Mounts,https://www.harveynorman.com.au/phones-accessories-gps/gps/gps-cases-mounts
Dash Cameras,https://www.harveynorman.com.au/cameras-printers-photocentre/cameras/dash-cameras
"iPhone Cables, Chargers & Adapters",https://www.harveynorman.com.au/phones-accessories-gps/iphone-accessories/iphone-cables-chargers-adapters
iPhone Mounts,https://www.harveynorman.com.au/phones-accessories-gps/iphone-accessories/iphone-mounts
iPhone Cases & Screen Protectors,https://www.harveynorman.com.au/phones-accessories-gps/iphone-accessories/iphone-cases-covers
"Cables, Chargers & Adapters",https://www.harveynorman.com.au/phones-accessories-gps/mobile-phone-accessories/cables-chargers-adapters
Cases & Screen Protectors,https://www.harveynorman.com.au/phones-accessories-gps/mobile-phone-accessories/cases-covers
Bluetooth Headsets,https://www.harveynorman.com.au/phones-accessories-gps/mobile-phone-accessories/bluetooth-headsets
More Mobile Phone Accessories,https://www.harveynorman.com.au/phones-accessories-gps/mobile-phone-accessories/more-mobile-phone-accessories
Mobile Power Banks,https://www.harveynorman.com.au/phones-accessories-gps/mobile-phone-accessories/mobile-power-banks
Smart Watches,https://www.harveynorman.com.au/phones-accessories-gps/wearables/smart-watches
Digital Cameras,https://www.harveynorman.com.au/cameras-printers-photocentre/cameras/digital-cameras
Digital Video Cameras,https://www.harveynorman.com.au/cameras-printers-photocentre/cameras/digital-video-cameras
Digital SLR Cameras,https://www.harveynorman.com.au/cameras-printers-photocentre/cameras/digital-slr-cameras
Action Cameras,https://www.harveynorman.com.au/cameras-printers-photocentre/cameras/action-cameras
Security Cameras,https://www.harveynorman.com.au/cameras-printers-photocentre/cameras/security-cameras
Mirrorless Cameras,https://www.harveynorman.com.au/cameras-printers-photocentre/cameras/mirrorless-cameras
Photo Frames,https://www.harveynorman.com.au/cameras-printers-photocentre/frames-albums/photo-frames
Photo Albums,https://www.harveynorman.com.au/cameras-printers-photocentre/frames-albums/photo-albums
Lenses & Filters,https://www.harveynorman.com.au/cameras-printers-photocentre/camera-accessories/lenses-filters
Flashes & Tripods,https://www.harveynorman.com.au/cameras-printers-photocentre/camera-accessories/flashes-tripods
Camera Bags & Cases,https://www.harveynorman.com.au/cameras-printers-photocentre/camera-accessories/camera-bags-cases
Memory Cards & Readers,https://www.harveynorman.com.au/cameras-printers-photocentre/camera-accessories/memory-cards-readers
Camera Accessories,https://www.harveynorman.com.au/cameras-printers-photocentre/camera-accessories/camera-accessories
Action Camera Accessories,https://www.harveynorman.com.au/cameras-printers-photocentre/camera-accessories/action-camera-accessories
Printers & Scanners,https://www.harveynorman.com.au/cameras-printers-photocentre/printing-ink-paper/printers-scanners
"Ink, Toner & Paper",https://www.harveynorman.com.au/cameras-printers-photocentre/printing-ink-paper/ink-toner-paper
3D Printers & Accessories,https://www.harveynorman.com.au/cameras-printers-photocentre/printing-ink-paper/3d-printers-accessories
Office Machines,https://www.harveynorman.com.au/cameras-printers-photocentre/stationery-office-supplies/office-machines
Stationery,https://www.harveynorman.com.au/cameras-printers-photocentre/stationery-office-supplies/stationery
Drones,https://www.harveynorman.com.au/cameras-printers-photocentre/drones/drones
Drone Accessories,https://www.harveynorman.com.au/cameras-printers-photocentre/drones/drone-accessories
Instax Cameras & Printers,https://www.harveynorman.com.au/cameras-printers-photocentre/instax/instax-cameras-printers
Instax Crafting,https://www.harveynorman.com.au/cameras-printers-photocentre/instax/instax-crafting
Instax Film,https://www.harveynorman.com.au/cameras-printers-photocentre/instax/instax-film
Instax Camera Accessories,https://www.harveynorman.com.au/cameras-printers-photocentre/instax/instax-camera-accessories
Digital Prints,https://www.harveynorman.com.au/cameras-printers-photocentre/photocentre/digital-prints
Photo Gifts,https://www.harveynorman.com.au/cameras-printers-photocentre/photocentre/photo-gifts
Canvas & Wall Decor,https://www.harveynorman.com.au/cameras-printers-photocentre/photocentre/canvas-wall-decor
Photo Books,https://www.harveynorman.com.au/cameras-printers-photocentre/photocentre/photo-books
Frames & Albums,https://www.harveynorman.com.au/cameras-printers-photocentre/photocentre/frames-albums
Xbox Consoles,https://www.harveynorman.com.au/games-central/game-consoles/xbox-consoles
PlayStation Consoles,https://www.harveynorman.com.au/games-central/game-consoles/playstation-consoles
Nintendo Consoles,https://www.harveynorman.com.au/games-central/game-consoles/nintendo-consoles
PC Games,https://www.harveynorman.com.au/games-central/games/pc-games
Nintendo Games,https://www.harveynorman.com.au/games-central/games/nintendo-games
Pre Order Games,https://www.harveynorman.com.au/games-central/games/pre-order-games
PlayStation 4 Games,https://www.harveynorman.com.au/games-central/games/playstation4-games
Xbox One Games,https://www.harveynorman.com.au/games-central/games/xbox-one-games
Latest Games ,https://www.harveynorman.com.au/games-central/games/latest-games
PlayStation Accessories,https://www.harveynorman.com.au/games-central/gaming-accessories/playstation-accessories
Xbox Accessories,https://www.harveynorman.com.au/games-central/gaming-accessories/xbox-accessories
Nintendo Accessories,https://www.harveynorman.com.au/games-central/gaming-accessories/nintendo-accessories
PC Gaming Accessories,https://www.harveynorman.com.au/games-central/gaming-accessories/pc-gaming-accessories
Simulators & Steering Wheels,https://www.harveynorman.com.au/games-central/gaming-accessories/simulators-steering-wheels
Gaming Furniture,https://www.harveynorman.com.au/games-central/gaming-accessories/gaming-furniture
VR Systems,https://www.harveynorman.com.au/games-central/vr/vr-systems
Mixed Reality,https://www.harveynorman.com.au/games-central/vr/mixed-reality
Gaming PCs,https://www.harveynorman.com.au/games-central/pc-gaming/gaming-pcs
Gaming Laptops ,https://www.harveynorman.com.au/games-central/pc-gaming/gaming-laptop
Components,https://www.harveynorman.com.au/games-central/pc-gaming/components
Gaming Monitors ,https://www.harveynorman.com.au/games-central/pc-gaming/gaming-monitors
Gaming Keyboards ,https://www.harveynorman.com.au/games-central/pc-gaming/gaming-keyboards
Gaming Mice,https://www.harveynorman.com.au/games-central/pc-gaming/gaming-mice
TV Mounts & Brackets,https://www.harveynorman.com.au/tv-blu-ray-home-theatre/tv-accessories/tv-mounts-brackets
Antennas & Amplifiers,https://www.harveynorman.com.au/tv-blu-ray-home-theatre/tv-accessories/antennas-amplifiers
Power & Surge Protectors,https://www.harveynorman.com.au/tv-blu-ray-home-theatre/tv-accessories/power-surge-protectors
Universal and Replacement remotes ,https://www.harveynorman.com.au/tv-blu-ray-home-theatre/tv-accessories/remotes-3d-glasses
TV Furniture,https://www.harveynorman.com.au/tv-blu-ray-home-theatre/tv-accessories/tv-furniture
Home Theatre Systems,https://www.harveynorman.com.au/tv-blu-ray-home-theatre/home-theatre-speakers/home-theatre-systems
AV Receivers,https://www.harveynorman.com.au/tv-blu-ray-home-theatre/home-theatre-speakers/av-receivers
Speakers,https://www.harveynorman.com.au/tv-blu-ray-home-theatre/home-theatre-speakers/speakers
Soundbars,https://www.harveynorman.com.au/headphones-audio-music/sound-systems/soundbars
PVRs & Media Players,https://www.harveynorman.com.au/tv-blu-ray-home-theatre/blu-ray-dvd-recorders/pvrs-media-players
Blu-ray Players & Recorders,https://www.harveynorman.com.au/tv-blu-ray-home-theatre/blu-ray-dvd-recorders/blu-ray-players-recorders
DVD Players & Recorders,https://www.harveynorman.com.au/tv-blu-ray-home-theatre/blu-ray-dvd-recorders/dvd-players-recorders
Wireless Multiroom,https://www.harveynorman.com.au/tv-blu-ray-home-theatre/wireless-multiroom/wireless-multiroom
DVD Movies,https://www.harveynorman.com.au/tv-blu-ray-home-theatre/movies/dvd-movies
Blu-ray Movies,https://www.harveynorman.com.au/tv-blu-ray-home-theatre/movies/bluray-movies
32 inch and under TVs,https://www.harveynorman.com.au/tv-blu-ray-home-theatre/tvs-by-screen-size/tvs-32-inch-and-below-tvs
39 - 50 inch TVs,https://www.harveynorman.com.au/tv-blu-ray-home-theatre/tvs-by-screen-size/39-50-inch-tvs
55 - 60 inch TVs,https://www.harveynorman.com.au/tv-blu-ray-home-theatre/tvs-by-screen-size/tvs-between-55-and-60-inch
65 - 70 inch TVs,https://www.harveynorman.com.au/tv-blu-ray-home-theatre/tvs-by-screen-size/tvs-between-65-and-70-inch
75 inch and over TVs,https://www.harveynorman.com.au/tv-blu-ray-home-theatre/tvs-by-screen-size/tvs-75-inch-and-above
All TVs,https://www.harveynorman.com.au/tv-blu-ray-home-theatre/tvs-by-screen-size/all-tvs
Samsung TVs,https://www.harveynorman.com.au/tv-blu-ray-home-theatre/tvs-by-brand/samsung-tvs
Hisense TVs,https://www.harveynorman.com.au/tv-blu-ray-home-theatre/tvs-by-brand/hisense-tvs
Panasonic TVs,https://www.harveynorman.com.au/tv-blu-ray-home-theatre/tvs-by-brand/panasonic-tvs
Sony TVs,https://www.harveynorman.com.au/tv-blu-ray-home-theatre/tvs-by-brand/sony-tvs
LG TVs,https://www.harveynorman.com.au/tv-blu-ray-home-theatre/tvs-by-brand/lg-tvs
LED LCD TVs,https://www.harveynorman.com.au/tv-blu-ray-home-theatre/tvs-by-technology/led-lcd-tvs
OLED TVs,https://www.harveynorman.com.au/tv-blu-ray-home-theatre/tvs-by-technology/oled-tvs
QLED LCD TVs,https://www.harveynorman.com.au/tv-blu-ray-home-theatre/tvs-by-technology/qled-lcd-tvs
8K Ultra HD TVs,https://www.harveynorman.com.au/tv-blu-ray-home-theatre/tvs-by-technology/8k-ultra-hd-tvs
4K Ultra HD TVs,https://www.harveynorman.com.au/tv-blu-ray-home-theatre/tvs-by-technology/4k-ultra-hd-tvs
Projectors & Screens,https://www.harveynorman.com.au/tv-blu-ray-home-theatre/tvs-by-technology/projectors-screens
Hi Fi Systems,https://www.harveynorman.com.au/headphones-audio-music/sound-systems/hi-fi-systems
Analogue/Digital Radios,https://www.harveynorman.com.au/headphones-audio-music/sound-systems/analogue-digital-radios
Bluetooth Speakers,https://www.harveynorman.com.au/headphones-audio-music/sound-systems/bluetooth-speakers
Audio Accessories,https://www.harveynorman.com.au/headphones-audio-music/sound-systems/audio-accessories
CD Players & Turntables,https://www.harveynorman.com.au/headphones-audio-music/sound-systems/cd-players-turntables
iPods,https://www.harveynorman.com.au/headphones-audio-music/ipods/ipods
"iPod Chargers, Cables & Adapters",https://www.harveynorman.com.au/headphones-audio-music/ipods/ipod-chargers-cables-adapters
iTunes Gift Cards,https://www.harveynorman.com.au/headphones-audio-music/ipods/itunes-gift-cards
In Ear Headphones,https://www.harveynorman.com.au/headphones-audio-music/headphones/in-ear-headphones
On Ear Headphones,https://www.harveynorman.com.au/headphones-audio-music/headphones/on-ear-headphones
Over Ear Headphones,https://www.harveynorman.com.au/headphones-audio-music/headphones/over-ear-headphones
Wireless Headphones,https://www.harveynorman.com.au/headphones-audio-music/headphones/wireless-headphones
All Headphones,https://www.harveynorman.com.au/headphones-audio-music/headphones/all-headphones
TV Headphones,https://www.harveynorman.com.au/headphones-audio-music/headphones/tv-headphones
Sports Headphone,https://www.harveynorman.com.au/headphones-audio-music/headphones/sports-headphone
Noise Cancelling Headphones,https://www.harveynorman.com.au/headphones-audio-music/headphones/noise-cancelling-headphones
Gaming Headphones,https://www.harveynorman.com.au/headphones-audio-music/headphones/gaming-headphones
Apple TV,https://www.harveynorman.com.au/headphones-audio-music/media-streaming-players/apple-tv
Chromecast,https://www.harveynorman.com.au/headphones-audio-music/media-streaming-players/chromecast
Multi room speakers,https://www.harveynorman.com.au/headphones-audio-music/media-streaming-players/multi-room-speakers
Cooktops,https://www.harveynorman.com.au/kitchen-appliances/appliances/cooktops
Rangehoods,https://www.harveynorman.com.au/kitchen-appliances/appliances/rangehoods
Microwave Ovens,https://www.harveynorman.com.au/kitchen-appliances/appliances/microwave-ovens
Fridges,https://www.harveynorman.com.au/kitchen-appliances/appliances/fridges
Freezers,https://www.harveynorman.com.au/kitchen-appliances/appliances/freezers
Beer & Wine Appliances,https://www.harveynorman.com.au/kitchen-appliances/appliances/beer-wine-appliances
Dishwashers,https://www.harveynorman.com.au/kitchen-appliances/appliances/dishwashers
Ovens,https://www.harveynorman.com.au/kitchen-appliances/appliances/ovens
Freestanding Cookers,https://www.harveynorman.com.au/kitchen-appliances/appliances/freestanding-cookers
Kitchen Cleaning,https://www.harveynorman.com.au/kitchen-appliances/appliances/kitchen-cleaning
Cooking Packages,https://www.harveynorman.com.au/kitchen-appliances/appliances/cooking-packages
Cookware,https://www.harveynorman.com.au/kitchen-appliances/kitchenware/cookware
Baking,https://www.harveynorman.com.au/kitchen-appliances/kitchenware/baking
Storage & Organisation,https://www.harveynorman.com.au/kitchen-appliances/kitchenware/storage-organisation
"Tea, Coffee & Barware",https://www.harveynorman.com.au/kitchen-appliances/kitchenware/tea-coffee-barware
Tools & Gadgets,https://www.harveynorman.com.au/kitchen-appliances/kitchenware/tools-gadgets
Mixers & Food Processors,https://www.harveynorman.com.au/kitchen-appliances/food-preparation/mixers-food-processors
Kitchen Accessories,https://www.harveynorman.com.au/kitchen-appliances/food-preparation/kitchen-accessories
Blenders,https://www.harveynorman.com.au/kitchen-appliances/food-preparation/blenders
Vacuum Sealers & Bags,https://www.harveynorman.com.au/kitchen-appliances/food-preparation/vacuum-sealers-bags
Coffee & Espresso Machines,https://www.harveynorman.com.au/kitchen-appliances/coffee-beverage/coffee-machines
Coffee Accessories,https://www.harveynorman.com.au/kitchen-appliances/coffee-beverage/coffee-accessories
Juicers,https://www.harveynorman.com.au/kitchen-appliances/coffee-beverage/juicers
Water Filters,https://www.harveynorman.com.au/kitchen-appliances/coffee-beverage/water-filters
Drink & Ice Makers,https://www.harveynorman.com.au/kitchen-appliances/coffee-beverage/drink-ice-makers
Coffee Capsules & Beans,https://www.harveynorman.com.au/kitchen-appliances/coffee-beverage/coffee-capsules-beans
Taps,https://www.harveynorman.com.au/kitchen-appliances/sinks-taps/taps
Sinks,https://www.harveynorman.com.au/kitchen-appliances/sinks-taps/sinks
Toasters,https://www.harveynorman.com.au/kitchen-appliances/small-kitchen-appliances/toasters
Grills & Sandwich Presses,https://www.harveynorman.com.au/kitchen-appliances/small-kitchen-appliances/grills-sandwich-presses
Compact Ovens,https://www.harveynorman.com.au/kitchen-appliances/small-kitchen-appliances/compact-ovens
Kettles,https://www.harveynorman.com.au/kitchen-appliances/small-kitchen-appliances/kettles
Cooking Appliances,https://www.harveynorman.com.au/kitchen-appliances/small-kitchen-appliances/cooking-appliances
Irons,https://www.harveynorman.com.au/vacuum-laundry-appliances/irons-steam-stations/irons
Ironing Boards,https://www.harveynorman.com.au/vacuum-laundry-appliances/irons-steam-stations/ironing-boards
Garment Steamers,https://www.harveynorman.com.au/vacuum-laundry-appliances/irons-steam-stations/garment-steamers
Steam Stations,https://www.harveynorman.com.au/vacuum-laundry-appliances/irons-steam-stations/steam-stations
Robotic Vacuum Cleaners,https://www.harveynorman.com.au/vacuum-laundry-appliances/vacuum-cleaners/robotic-vacuum-cleaners
Bags & Filters,https://www.harveynorman.com.au/vacuum-laundry-appliances/vacuum-cleaners/bags-filters
Vacuum Attachments,https://www.harveynorman.com.au/vacuum-laundry-appliances/vacuum-cleaners/vacuum-attachments
Vacuum Cleaners,https://www.harveynorman.com.au/vacuum-laundry-appliances/vacuum-cleaners/vacuum-cleaners
Stick Vacuum Cleaners,https://www.harveynorman.com.au/vacuum-laundry-appliances/vacuum-cleaners/stick-vacuum-cleaners
Steam Cleaners,https://www.harveynorman.com.au/vacuum-laundry-appliances/steam-cleaners-shampooers/steam-cleaners
Steam Cleaning Accessories,https://www.harveynorman.com.au/vacuum-laundry-appliances/steam-cleaners-shampooers/steam-cleaning-accessories
Carpet Shampooers,https://www.harveynorman.com.au/vacuum-laundry-appliances/steam-cleaners-shampooers/carpet-shampooers
Shampooer Accessories,https://www.harveynorman.com.au/vacuum-laundry-appliances/steam-cleaners-shampooers/shampooer-accessories
Floor Cleaners,https://www.harveynorman.com.au/vacuum-laundry-appliances/steam-cleaners-shampooers/floor-cleaners
Carpet Cleaners,https://www.harveynorman.com.au/vacuum-laundry-appliances/steam-cleaners-shampooers/carpet-cleaners
Washing Machines,https://www.harveynorman.com.au/vacuum-laundry-appliances/washing-machines-dryers/washing-machines
Dryers,https://www.harveynorman.com.au/vacuum-laundry-appliances/washing-machines-dryers/dryers
Washing Powder & Liquids,https://www.harveynorman.com.au/vacuum-laundry-appliances/washing-machines-dryers/washing-powder-liquids
Accessories,https://www.harveynorman.com.au/vacuum-laundry-appliances/washing-machines-dryers/accessories
Fans,https://www.harveynorman.com.au/heating-cooling-air-treatment/fans/fans
Electric Blankets,https://www.harveynorman.com.au/beds-manchester/quilts-pillows/electric-blankets
Electric Heaters,https://www.harveynorman.com.au/heating-cooling-air-treatment/heating/electric-heaters
Gas Heaters,https://www.harveynorman.com.au/heating-cooling-air-treatment/heating/gas-heaters
Split System Airconditioners,https://www.harveynorman.com.au/heating-cooling-air-treatment/air-conditioning/split-system-airconditioners
Portable Airconditioners,https://www.harveynorman.com.au/heating-cooling-air-treatment/air-conditioning/portable-airconditioners
Window/Wall Airconditioners,https://www.harveynorman.com.au/heating-cooling-air-treatment/air-conditioning/window-wall-airconditioners
Air Purifiers,https://www.harveynorman.com.au/heating-cooling-air-treatment/air-treatment/air-purifiers
Dehumidifiers,https://www.harveynorman.com.au/heating-cooling-air-treatment/air-treatment/dehumidifiers
Humidifiers,https://www.harveynorman.com.au/heating-cooling-air-treatment/air-treatment/humidifiers
Electric Hot Water Systems,https://www.harveynorman.com.au/replacement-hot-water/replacement-hot-water/electric-hot-water-systems
Gas Hot Water Systems,https://www.harveynorman.com.au/replacement-hot-water/replacement-hot-water/gas-hot-water-systems
Solar Hot Water Systems,https://www.harveynorman.com.au/replacement-hot-water/replacement-hot-water/solar-hot-water-systems
Heat Pump Hot Water Systems,https://www.harveynorman.com.au/replacement-hot-water/replacement-hot-water/heat-pump-hot-water-systems
Electric Toothbrushes,https://www.harveynorman.com.au/health-fitness-beauty/dental-care/electric-toothbrushes
Electric Flossers,https://www.harveynorman.com.au/health-fitness-beauty/dental-care/electric-flossers
Hair Dryers,https://www.harveynorman.com.au/health-fitness-beauty/hair-styling/hair-dryers
Hair Straighteners,https://www.harveynorman.com.au/health-fitness-beauty/hair-styling/hair-straighteners
Hair Curlers,https://www.harveynorman.com.au/health-fitness-beauty/hair-styling/hair-curlers
Hair Stylers,https://www.harveynorman.com.au/health-fitness-beauty/hair-styling/hair-stylers
Crosstrainers,https://www.harveynorman.com.au/health-fitness-beauty/home-gym-equipment/ellipticals-crosstrainers
Exercise Bikes,https://www.harveynorman.com.au/health-fitness-beauty/home-gym-equipment/exercise-bikes
Rowing Machines,https://www.harveynorman.com.au/health-fitness-beauty/home-gym-equipment/rowing-machines
Treadmills,https://www.harveynorman.com.au/health-fitness-beauty/home-gym-equipment/treadmills
Exercise Equipment,https://www.harveynorman.com.au/health-fitness-beauty/home-gym-equipment/exercise-equipment
Weights,https://www.harveynorman.com.au/health-fitness-beauty/home-gym-equipment/weights
Medicine Balls,https://www.harveynorman.com.au/health-fitness-beauty/home-gym-equipment/medicine-balls
Fitness Bench,https://www.harveynorman.com.au/health-fitness-beauty/home-gym-equipment/fitness-bench
Spa & Massage,https://www.harveynorman.com.au/health-fitness-beauty/beauty-massage/spa-massage
Beauty,https://www.harveynorman.com.au/health-fitness-beauty/beauty-massage/beauty
Female Hair Removal,https://www.harveynorman.com.au/health-fitness-beauty/shaving-and-grooming/female-hair-removal
Mens Shavers,https://www.harveynorman.com.au/health-fitness-beauty/shaving-and-grooming/mens-shavers
Hair Clippers & Trimmers,https://www.harveynorman.com.au/health-fitness-beauty/shaving-and-grooming/hair-clippers-trimmers
Scales,https://www.harveynorman.com.au/health-fitness-beauty/health/bathroom-scales
Blood Pressure Monitors,https://www.harveynorman.com.au/health-fitness-beauty/health/blood-pressure-monitors
Thermometers,https://www.harveynorman.com.au/health-fitness-beauty/health/thermometers
Lounges,https://www.harveynorman.com.au/furniture-outdoor-bbqs/living-room/lounges
Sofa Beds,https://www.harveynorman.com.au/furniture-outdoor-bbqs/living-room/sofa-beds
TV Units,https://www.harveynorman.com.au/furniture-outdoor-bbqs/living-room/tv-units
Coffee & Lamp Tables,https://www.harveynorman.com.au/furniture-outdoor-bbqs/living-room/coffee-lamp-tables
Recliner Chairs,https://www.harveynorman.com.au/furniture-outdoor-bbqs/living-room/recliner-chairs
Recliner Lounges,https://www.harveynorman.com.au/furniture-outdoor-bbqs/living-room/recliner-lounges
Desks & Suites,https://www.harveynorman.com.au/furniture-outdoor-bbqs/home-office/desks-suites
Office Chairs,https://www.harveynorman.com.au/furniture-outdoor-bbqs/home-office/office-chairs
Office Storage,https://www.harveynorman.com.au/furniture-outdoor-bbqs/home-office/office-storage
Safes,https://www.harveynorman.com.au/furniture-outdoor-bbqs/home-office/safes
Chandeliers,https://www.harveynorman.com.au/beds-manchester/decorator-items/chandeliers
Table Lamps,https://www.harveynorman.com.au/beds-manchester/decorator-items/table-lamps
Vases,https://www.harveynorman.com.au/beds-manchester/decorator-items/vases
Wall Art,https://www.harveynorman.com.au/beds-manchester/decorator-items/wall-art
Candles & Candle Accessories,https://www.harveynorman.com.au/furniture-outdoor-bbqs/decorator-items/candles-candle-accessories
Fashion Decorator,https://www.harveynorman.com.au/beds-manchester/decorator-items/fashion-decorator
Cushions,https://www.harveynorman.com.au/beds-manchester/decorator-items/cushions
Garden Sheds,https://www.harveynorman.com.au/furniture-outdoor-bbqs/lawn-garden/garden-sheds
Lawn Mowers,https://www.harveynorman.com.au/furniture-outdoor-bbqs/lawn-garden/lawn-mowers
Trimmers & Edgers,https://www.harveynorman.com.au/furniture-outdoor-bbqs/lawn-garden/trimmers-edgers
Outdoor Dining,https://www.harveynorman.com.au/furniture-outdoor-bbqs/outdoor-living/outdoor-dining
BBQs,https://www.harveynorman.com.au/furniture-outdoor-bbqs/outdoor-living/bbqs
Outdoor Lounges,https://www.harveynorman.com.au/furniture-outdoor-bbqs/outdoor-living/outdoor-lounges
BBQ Accessories,https://www.harveynorman.com.au/furniture-outdoor-bbqs/outdoor-living/bbq-accessories
Umbrellas,https://www.harveynorman.com.au/furniture-outdoor-bbqs/outdoor-living/umbrellas
Dining Furniture,https://www.harveynorman.com.au/furniture-outdoor-bbqs/dining-room/dining-furniture
Bar Stools,https://www.harveynorman.com.au/furniture-outdoor-bbqs/dining-room/bar-stools
Shutters,https://www.harveynorman.com.au/furniture-outdoor-bbqs/window-coverings/shutters
Bedroom Storage,https://www.harveynorman.com.au/beds-manchester/bedroom/bedroom-storage
Mattresses,https://www.harveynorman.com.au/beds-manchester/bedroom/mattresses
Ensembles,https://www.harveynorman.com.au/beds-manchester/bedroom/ensembles
Bedroom Chairs,https://www.harveynorman.com.au/beds-manchester/bedroom/bedroom-chairs
Bed Frames,https://www.harveynorman.com.au/beds-manchester/bedroom/bed-frames
Bedheads,https://www.harveynorman.com.au/beds-manchester/bedroom/bedheads
Bed Bases,https://www.harveynorman.com.au/beds-manchester/bedroom/bed-bases
Quilt Covers,https://www.harveynorman.com.au/beds-manchester/bed-linen/quilt-covers
Bed Sheets,https://www.harveynorman.com.au/beds-manchester/bed-linen/bed-sheets
Pillowcases,https://www.harveynorman.com.au/beds-manchester/bed-linen/pillowcases
Quilts,https://www.harveynorman.com.au/beds-manchester/quilts-pillows/quilts
Pillows,https://www.harveynorman.com.au/beds-manchester/quilts-pillows/pillows
Mattress Toppers,https://www.harveynorman.com.au/beds-manchester/quilts-pillows/mattress-toppers
Blankets,https://www.harveynorman.com.au/beds-manchester/quilts-pillows/blankets
Mattress Protectors,https://www.harveynorman.com.au/beds-manchester/quilts-pillows/mattress-protectors
Kids Beds,https://www.harveynorman.com.au/beds-manchester/kids-bedroom/kids-beds
Kids Bunk Beds,https://www.harveynorman.com.au/beds-manchester/kids-bedroom/kids-bunk-beds
Kids Bedroom Storage,https://www.harveynorman.com.au/beds-manchester/kids-bedroom/kids-bedroom-storage
Kids Bed Linen,https://www.harveynorman.com.au/beds-manchester/kids-bedroom/kids-bed-linen
Wall Tiles,https://www.harveynorman.com.au/bathroom-tiles-renovations/tiles/wall-tiles
Floor Tiles,https://www.harveynorman.com.au/bathroom-tiles-renovations/tiles/floor-tiles
Drop in Bath,https://www.harveynorman.com.au/bathroom-tiles-renovations/baths-spas/drop-in-bath
Freestanding Bath ,https://www.harveynorman.com.au/bathroom-tiles-renovations/baths-spas/freestanding-bath
Drop in Spas,https://www.harveynorman.com.au/bathroom-tiles-renovations/baths-spas/drop-in-spas
Freestanding Spas,https://www.harveynorman.com.au/bathroom-tiles-renovations/baths-spas/freestanding-spas
Mixers & Tapware,https://www.harveynorman.com.au/bathroom-tiles-renovations/bathroom-sink-tapware/basin-mixers
3-Piece Tapware ,https://www.harveynorman.com.au/bathroom-tiles-renovations/bathroom-sink-tapware/3-piece-tapware
Basin & Bath Spouts ,https://www.harveynorman.com.au/bathroom-tiles-renovations/bathroom-sink-tapware/basin-bath-spouts
Shower Heads & Arms,https://www.harveynorman.com.au/bathroom-tiles-renovations/bathroom-sink-tapware/shower-heads-arms
Kitchen Sinks & Accessories ,https://www.harveynorman.com.au/bathroom-tiles-renovations/bathroom-sink-tapware/kitchen-sinks-accessories
Baskets & Caddys,https://www.harveynorman.com.au/bathroom-tiles-renovations/bathroom-accessories-3/bathroom-caddy-accessories
Robe Hooks,https://www.harveynorman.com.au/bathroom-tiles-renovations/bathroom-accessories-3/robe-hooks
Shelves & Holders,https://www.harveynorman.com.au/bathroom-tiles-renovations/bathroom-accessories-3/bathroom-shelves
Toilet Brush Set,https://www.harveynorman.com.au/bathroom-tiles-renovations/bathroom-accessories-3/toilet-brush-set
Bathroom Rails,https://www.harveynorman.com.au/bathroom-tiles-renovations/bathroom-accessories-3/towel-rails
Guest Towel Holders,https://www.harveynorman.com.au/bathroom-tiles-renovations/bathroom-accessories-3/towel-ring-guest-towel-holder
Close Coupled & Link Toilets ,https://www.harveynorman.com.au/bathroom-tiles-renovations/toilets-suites-bidettes/close-coupled-link-toilets
Back to Wall Toilets ,https://www.harveynorman.com.au/bathroom-tiles-renovations/toilets-suites-bidettes/back-to-wall-toilets
Wall Face Toilets ,https://www.harveynorman.com.au/bathroom-tiles-renovations/toilets-suites-bidettes/wall-face-toilets
Wall Hung Toilets ,https://www.harveynorman.com.au/bathroom-tiles-renovations/toilets-suites-bidettes/wall-hung-toilets
Inwall Cistern & Buttons,https://www.harveynorman.com.au/bathroom-tiles-renovations/toilets-suites-bidettes/inwall-cistern-buttons
Toilet Seats & Bidettes ,https://www.harveynorman.com.au/bathroom-tiles-renovations/toilets-suites-bidettes/toilet-seats-bidettes
Above Counter Basins ,https://www.harveynorman.com.au/bathroom-tiles-renovations/basins/above-counter-basins
Vanity Basins ,https://www.harveynorman.com.au/bathroom-tiles-renovations/basins/vanity-basins
Drop In & Semi Recess Basins,https://www.harveynorman.com.au/bathroom-tiles-renovations/basins/drop-in-semi-recess-basins
Under-Counter Basins ,https://www.harveynorman.com.au/bathroom-tiles-renovations/basins/under-counter-basins
Wall & Pedestal Basins,https://www.harveynorman.com.au/bathroom-tiles-renovations/basins/wall-pedestal-basins
Floor Grates,https://www.harveynorman.com.au/bathroom-tiles-renovations/wastes-grates-outlets/floor-grates
Plug & Waste Traps,https://www.harveynorman.com.au/bathroom-tiles-renovations/wastes-grates-outlets/plug-waste-traps
Bathroom Vanity Units,https://www.harveynorman.com.au/bathroom-tiles-renovations/bathroom-laundry-furniture/bathroom-vanity-units
Tall Boy & Wall Units ,https://www.harveynorman.com.au/bathroom-tiles-renovations/bathroom-laundry-furniture/tall-boy-wall-units
Shaving Cabinets ,https://www.harveynorman.com.au/bathroom-tiles-renovations/bathroom-laundry-furniture/shaving-cabinets
Bathroom Mirrors ,https://www.harveynorman.com.au/bathroom-tiles-renovations/bathroom-laundry-furniture/bathroom-mirrors
Laundry Tubs & Units ,https://www.harveynorman.com.au/bathroom-tiles-renovations/bathroom-laundry-furniture/laundry-tubs-units
Laundry Cabinets ,https://www.harveynorman.com.au/bathroom-tiles-renovations/bathroom-laundry-furniture/laundry-cabinets
Timber Flooring,https://www.harveynorman.com.au/carpet-flooring-rugs/flooring/timber-flooring
Laminate Flooring,https://www.harveynorman.com.au/carpet-flooring-rugs/flooring/laminate-flooring
Vinyl Flooring & Vinyl Tiles,https://www.harveynorman.com.au/carpet-flooring-rugs/flooring/vinyl-flooring-vinyl-tiles
Bamboo Flooring,https://www.harveynorman.com.au/carpet-flooring-rugs/flooring/bamboo-flooring
Waterproof Flooring,https://www.harveynorman.com.au/carpet-flooring-rugs/flooring/waterproof-flooring
Carpet,https://www.harveynorman.com.au/carpet-flooring-rugs/carpet-underlay/carpet
Carpet Underlay,https://www.harveynorman.com.au/carpet-flooring-rugs/carpet-underlay/carpet-underlay
All Rugs,https://www.harveynorman.com.au/carpet-flooring-rugs/rugs/rugs
Traditional Rugs,https://www.harveynorman.com.au/carpet-flooring-rugs/rugs/traditional-rugs
Modern Rugs,https://www.harveynorman.com.au/carpet-flooring-rugs/rugs/modern-rugs
Shaggy Rugs,https://www.harveynorman.com.au/carpet-flooring-rugs/rugs/shaggy-rugs
